id,relid,year,conflict_name,dyad_name,side_a,side_b,state,lga,latitude,longitude,date_start,date_end,deaths_a,deaths_b,deaths_civilians,deaths_unknown,best_estimate,high_estimate,low_estimate,source_article,source_headline,location_description
17125,NIG-2001-2-X637-1,2001,"Fulani, Jukun - Tiv","Fulani, Jukun - Tiv","Fulani, Jukun",Tiv,Taraba state,,8.0,10.5,2001-07-01,2001-07-01,0,0,0,20,20,29,20,Reuters 5-jul-01,,Taraba state
16809,NIG-2001-2-254-1,2001,"Afisare, Anaguta, Birom - Fulani, Hausa","Afisare, Anaguta, Birom - Fulani, Hausa","Afisare, Anaguta, Birom","Fulani, Hausa",Plateau state,Jos North lga,9.916667,8.9,2001-09-07,2001-09-13,0,0,0,952,952,2952,952,"Reuters 8-Sep-0, Death Toll of Religious Clash Up in Central Nigeria. Xinhua News Agency 9 September 200, 165 Killed in Religious Clashes in Central Nigeria - Red Cross.  Xinhua News Agency 10 September 2001; Danfulani & Fwatshak ""Briefing: The September 2001 events in Jos, Nigeria"", African Affairs (2002) 101, 243-255; HRW, 2001, ""Jos",,Jos town
16812,NIG-2001-2-254-4,2001,"Afisare, Anaguta, Birom - Fulani, Hausa","Afisare, Anaguta, Birom - Fulani, Hausa","Afisare, Anaguta, Birom","Fulani, Hausa",Plateau state,Jos North lga,9.916667,8.9,2001-09-07,2001-09-08,31,0,0,0,31,31,31,"""African Affairs,2002-12-31,Briefing: The September 2001 events in Jos, Nigeria, 243-255""","Briefing: The September 2001 events in Jos, Nigeria, 243-255",Jos town (Jos University)
16783,NIG-2001-2-254-2,2001,"Afisare, Anaguta, Birom - Fulani, Hausa","Afisare, Anaguta, Birom - Fulani, Hausa","Afisare, Anaguta, Birom","Fulani, Hausa",Plateau state,Jos North lga,9.916667,8.9,2001-09-09,2001-09-09,0,9,0,0,9,9,9,"""African Affairs,2002-12-31,Briefing: The September 2001 events in Jos, Nigeria""","Briefing: The September 2001 events in Jos, Nigeria",Jos town (Dilimi)
16817,NIG-2001-2-254-3,2001,"Afisare, Anaguta, Birom - Fulani, Hausa","Afisare, Anaguta, Birom - Fulani, Hausa","Afisare, Anaguta, Birom","Fulani, Hausa",Plateau state,Riyom lga,9.56796,8.68476,2001-09-10,2001-09-10,0,8,0,0,8,8,8,"""African Affairs,2002-12-31,Briefing: The September 2001 events in Jos, Nigeria""","Briefing: The September 2001 events in Jos, Nigeria","Watam village, Riyom LGA"
16726,NIG-2001-2-X4805-0,2001,"Birom - Fulani, Hausa","Birom - Fulani, Hausa",Birom,"Fulani, Hausa",Plateau state,Jos South lga,9.68333,8.76667,2001-12-30,2001-12-30,0,0,0,21,21,21,21,"""Reuters News,2002-01-01,UPDATE 1-At least 20 killed in attack on Nigerian village."";""Lloyd's Information Casualty Report,2002-01-03,POLITICAL & CIVIL UNREST - NIGERIA.""",UPDATE 1-At least 20 killed in attack on Nigerian village.;POLITICAL & CIVIL UNREST - NIGERIA.,Turu village
17144,NIG-2002-2-67-1,2002,Fulani - Mambila,Fulani - Mambila,Fulani,Mambila,Taraba state,Sardauna lga,6.87463,11.21184,2002-01-01,2002-01-08,0,0,0,50,50,50,30,"Reuters dozens die in Nigerian land clashes, 2002-01-08",,"Tonga Maina village, Sardauna LGA"
16815,NIG-2002-2-X4805-1,2002,"Birom - Fulani, Hausa","Birom - Fulani, Hausa",Birom,"Fulani, Hausa",Plateau state,Jos South lga,9.68333,8.76667,2002-01-01,2002-01-31,0,0,0,21,21,21,21,"Amnesty InternationalDecember 2002, ""Security forces in Nigeria: Serving to protect and respect human rights?"", 17",,Turu village
16803,NIG-2004-2-360-10,2004,Fulani - Tarok,Fulani - Tarok,Fulani,Tarok,Plateau state,Wase lga,9.076944,10.059536,2004-03-01,2004-03-08,0,0,0,13,13,13,13,"""All Africa (The News),2004-03-08,Fire On the Plateau """,Fire On the Plateau,"Mavo village, Wase LGA"
17146,NIG-2004-2-360-13.1,2004,Fulani - Tarok,Fulani - Tarok,Fulani,Tarok,Taraba state,Ibi lga,8.183333,9.75,2004-04-13,2004-04-13,5,0,0,0,5,5,5,"The Guardian 20/4, AFP 20/4",,Ibi LGA (Doshima I and Doshima II villages)
63053,NIG-2004-2-360-13.2,2004,Fulani - Tarok,Fulani - Tarok,Fulani,Tarok,Taraba state,Ibi lga,8.316667,9.733333,2004-04-13,2004-04-13,2,0,0,0,2,2,2,"The Guardian 20/4, AFP 20/4",,Sarkin Kudu village
17150,NIG-2004-2-360-15.2,2004,Fulani - Tarok,Fulani - Tarok,Fulani,Tarok,Taraba state,Ibi lga,8.316667,9.733333,2004-04-27,2004-04-27,0,0,0,17,17,20,17,"Reuters 30/4, ""UPDATE 4-More than 100 dead, 1,000 wounded in Nigeria feud.",,New Sarkin Kudu village
17151,NIG-2004-2-360-15.1,2004,Fulani - Tarok,Fulani - Tarok,Fulani,Tarok,Taraba state,Ibi lga,8.316667,9.733333,2004-04-27,2004-04-27,0,0,0,17,17,20,17,"Reuters 30/4, ""UPDATE 4-More than 100 dead, 1,000 wounded in Nigeria feud.",,Old Sarkin Kudu village
17137,NIG-2004-2-360-15.6,2004,Fulani - Tarok,Fulani - Tarok,Fulani,Tarok,Taraba state,Bali lga,7.866667,10.966667,2004-04-27,2004-04-27,0,0,0,16,16,20,16,"Reuters 30/4, ""UPDATE 4-More than 100 dead, 1,000 wounded in Nigeria feud.",,Bali LGA (Sabon Layi village)
16718,NIG-2004-2-360-15.5,2004,Fulani - Tarok,Fulani - Tarok,Fulani,Tarok,Plateau state,,9.166667,9.75,2004-04-27,2004-04-27,0,0,0,16,16,20,16,"Reuters 30/4, ""UPDATE 4-More than 100 dead, 1,000 wounded in Nigeria feud.",,Plateau state (Angon Masu village)
16719,NIG-2004-2-360-15.3,2004,Fulani - Tarok,Fulani - Tarok,Fulani,Tarok,Plateau state,,9.166667,9.75,2004-04-27,2004-04-27,0,0,0,17,17,20,17,"Reuters 30/4, ""UPDATE 4-More than 100 dead, 1,000 wounded in Nigeria feud.",,Plateau state (Auoshima One village)
16720,NIG-2004-2-360-15.4,2004,Fulani - Tarok,Fulani - Tarok,Fulani,Tarok,Plateau state,,9.166667,9.75,2004-04-27,2004-04-27,0,0,0,17,17,20,17,"Reuters 30/4, ""UPDATE 4-More than 100 dead, 1,000 wounded in Nigeria feud.",,Plateau state (Auoshima Two village)
15875,NIG-2005-2-455-0,2005,Fulani - Tiv,Fulani - Tiv,Fulani,Tiv,Benue state,Katsina-Ala lga,7.2896,9.5533,2005-04-10,2005-04-10,0,14,0,0,14,14,14,"""Reuters,2005-04-13,At least 14 die in central Nigeria attack-lawmaker.""",At least 14 die in central Nigeria attack-lawmaker.,Katsina-Ala district
15920,NIG-2008-2-455-1,2008,Fulani - Tiv,Fulani - Tiv,Fulani,Tiv,Benue state,Makurdi lga,7.7411,8.5121,2008-03-08,2008-03-09,0,0,0,1,1,3,1,"All Africa, 11 mar 08",,"Makurdi (Orkpe, Mbakur, a village some 10 kilometers South East of Makurdi)"
16814,NIG-2008-2-254-0,2008,"Afisare, Anaguta, Birom - Fulani, Hausa","Afisare, Anaguta, Birom - Fulani, Hausa","Afisare, Anaguta, Birom","Fulani, Hausa",Plateau state,Jos North lga,9.916667,8.9,2008-11-28,2008-11-29,0,0,0,200,200,200,200,"""""Leave Everything to God"" Accountability for Inter-Communal Violence in Plateau and Kaduna States, Nigeria,2013-12-01,2008 Jos Violence (p. 45)""",2008 Jos Violence (p. 45),Jos town
62376,NIG-2010-2-X4805-0,2010,"Birom - Fulani, Hausa","Birom - Fulani, Hausa",Birom,"Fulani, Hausa",Plateau state,Jos South lga,9.716667,8.85,2010-01-19,2010-01-19,0,174,0,0,174,174,174,"""“Leave Everything to God” Accountability for Inter-Communal Violence in Plateau and Kaduna States, Nigeria,2013-12-01,The Kuru Karama Massacre (p. 52)""",The Kuru Karama Massacre (p. 52),Kuru Karama town
62389,NIG-2010-2-X4805-1,2010,"Birom - Fulani, Hausa","Birom - Fulani, Hausa",Birom,"Fulani, Hausa",Plateau state,Jos South lga,9.766667,8.8,2010-01-19,2010-01-20,0,41,0,0,41,78,41,"""“Leave Everything to God” Accountability for Inter-Communal Violence in Plateau and Kaduna States, Nigeria,2013-12-01,Tim-Tim (p. 60)""",Tim-Tim (p. 60),Jos South LGA (Tim-Tim village)
62395,NIG-2010-2-X4805-2,2010,"Birom - Fulani, Hausa","Birom - Fulani, Hausa",Birom,"Fulani, Hausa",Plateau state,Jos South lga,9.766667,8.8,2010-01-19,2010-01-19,0,62,0,0,62,62,62,"""“Leave Everything to God” Accountability for Inter-Communal Violence in Plateau and Kaduna States, Nigeria,2013-12-01,Sabon Gidan Kanar (p.61)""",Sabon Gidan Kanar (p.61),Jos South LGA (Sabon Gidan Kanar village)
62397,NIG-2010-2-X4805-3,2010,"Birom - Fulani, Hausa","Birom - Fulani, Hausa",Birom,"Fulani, Hausa",Plateau state,Jos South lga,9.766667,8.8,2010-01-19,2010-01-19,0,56,0,0,56,56,56,"""“Leave Everything to God” Accountability for Inter-Communal Violence in Plateau and Kaduna States, Nigeria,2013-12-01,Sabon Gidan Forum (p. 61)""",Sabon Gidan Forum (p. 61),Jos South LGA (Sabon Gidan Forom village)
62399,NIG-2010-2-X4805-4,2010,"Birom - Fulani, Hausa","Birom - Fulani, Hausa",Birom,"Fulani, Hausa",Plateau state,Barkin Ladi lga,9.8,8.95,2010-01-19,2010-01-19,0,0,0,0,0,30,0,"""“Leave Everything to God” Accountability for Inter-Communal Violence in Plateau and Kaduna States, Nigeria,2013-12-01,Dogo Nahawa (p. 62)""",Dogo Nahawa (p. 62),"Dogo Nahawa, Barkin Ladi LGA"
15872,NIG-2010-2-455-0,2010,Fulani - Tiv,Fulani - Tiv,Fulani,Tiv,Benue state,Gwer East lga,7.582597,8.528943,2010-06-22,2010-06-22,0,0,0,4,4,4,4,NigeriaWatch database,,"Benue State (Anchiha village near Ikpayongo, Mbasombo)"
42176,NIG-2011-2-455-1,2011,Fulani - Tiv,Fulani - Tiv,Fulani,Tiv,Benue state,Gwer West lga,7.5834,8.2055,2011-02-07,2011-02-11,0,0,0,27,27,36,18,"NigeriaWatch database; Vanguard 25 February 2011 ""Tiv/Fulani crises: 36 dead, 10,000 displaced in Benue",,"Naka, Gwer West"
42177,NIG-2011-2-455-2,2011,Fulani - Tiv,Fulani - Tiv,Fulani,Tiv,Benue state,Makurdi lga,7.7042,8.53588,2011-02-07,2011-02-07,0,0,0,2,2,2,2,NigeriaWatch database,,Mbakyondo village
42178,NIG-2011-2-455-3,2011,Fulani - Tiv,Fulani - Tiv,Fulani,Tiv,Benue state,Guma lga,7.96667,8.76667,2011-05-08,2011-05-08,0,26,0,0,26,26,26,NigeriaWatch database,,"Mbagwen, Tiv community"
42179,NIG-2011-2-455-4.1,2011,Fulani - Tiv,Fulani - Tiv,Fulani,Tiv,Benue state,Guma lga,8.06667,8.51667,2011-05-23,2011-05-23,0,15,0,0,15,15,15,NigeriaWatch database,,Udei community
100717,NIG-2011-2-455-4.2,2011,Fulani - Tiv,Fulani - Tiv,Fulani,Tiv,Benue state,Guma lga,7.96667,8.76667,2011-05-23,2011-05-23,0,15,0,0,15,15,15,NigeriaWatch database,,Yelwatta community in Isherev areas
42180,NIG-2011-2-455-5,2011,Fulani - Tiv,Fulani - Tiv,Fulani,Tiv,Benue state,Guma lga,7.96667,8.76667,2011-06-21,2011-06-21,0,0,0,25,25,50,25,"NigeriaWatch database; Daily Independent/All Africa 21 June 2011 ""Nigeria: 50 Feared Dead, Thousands Displaced in Fulani, TIV Conflict",,"Igyough, Gborigyo, Mbaya, Pevin Gbor and Shiwua Tugudu villages"
42181,NIG-2011-2-455-6,2011,Fulani - Tiv,Fulani - Tiv,Fulani,Tiv,Benue state,Guma lga,8.06667,8.51667,2011-06-30,2011-06-30,0,0,0,10,10,10,10,"The Guardian 2 July 2011 ""10 Feared Killed As Tiv Farmers, Fulani Herdsmen Clash Again",,Udei town about 25 kilometres north of Makurdi
42183,NIG-2011-2-455-8,2011,Fulani - Tiv,Fulani - Tiv,Fulani,Tiv,Nasarawa state,Doma lga,8.20323,8.30466,2011-11-21,2011-12-01,0,0,0,0,0,5,0,"Agence France-Presse (AFP) 1 December 2011 ""Thousands flee communal clashes in central Nigeria",,"Doma local government area, Benue-Nassarawa boundary"
42184,NIG-2011-2-455-9,2011,Fulani - Tiv,Fulani - Tiv,Fulani,Tiv,Nasarawa state,Keana lga,8.23333,8.56667,2011-11-22,2011-11-24,0,1,0,1,2,2,2,"Agence France-Presse (AFP) 1 December 2011 ""Thousands flee communal clashes in central Nigeria""; NigeriaWatch database",,Kadarko
42185,NIG-2011-2-455-10.1,2011,Fulani - Tiv,Fulani - Tiv,Fulani,Tiv,Nasarawa state,Doma lga,8.28333,8.48333,2011-11-22,2011-11-24,0,1,0,1,2,2,2,"Agence France-Presse (AFP) 1 December 2011 ""Thousands flee communal clashes in central Nigeria""; NigeriaWatch database",,Angwan Yara Mada village
176288,NIG-2011-2-455-10.2,2011,Fulani - Tiv,Fulani - Tiv,Fulani,Tiv,Nasarawa state,Doma lga,8.20323,8.30466,2011-11-22,2011-11-24,0,0,0,1,1,1,1,"Agence France-Presse (AFP) 1 December 2011 ""Thousands flee communal clashes in central Nigeria""; NigeriaWatch database",,"Doka, Doma lga"
42182,NIG-2011-2-455-7.1,2011,Fulani - Tiv,Fulani - Tiv,Fulani,Tiv,Benue state,Guma lga,7.9974,8.4467,2011-11-30,2011-11-30,0,0,0,7,7,7,7,"Agence France-Presse (AFP) 1 December 2011 ""Thousands flee communal clashes in central Nigeria""; NigeriaWatch database",,Yogbo village
100720,NIG-2011-2-455-7.2,2011,Fulani - Tiv,Fulani - Tiv,Fulani,Tiv,Benue state,Guma lga,7.96667,8.76667,2011-11-30,2011-11-30,0,0,0,43,43,43,43,"Agence France-Presse (AFP) 1 December 2011 ""Thousands flee communal clashes in central Nigeria""; NigeriaWatch database",,"Dooga, Kpata, Lokobi, Ajimaka, Ekeae, Giza and Mbagwem"
42186,NIG-2011-2-455-11,2011,Fulani - Tiv,Fulani - Tiv,Fulani,Tiv,Nasarawa state,Keana lga,8.2,8.63333,2011-12-02,2011-12-02,0,0,0,2,2,79,2,NigeriaWatch database,,"Angwan Yara, a village in the Giza Development area"
42187,NIG-2011-2-455-12,2011,Fulani - Tiv,Fulani - Tiv,Fulani,Tiv,Taraba state,Takum lga,7.41158,10.04478,2011-12-26,2011-12-26,0,0,0,4,4,5,4,NigeriaWatch database,,Demavea Village (Chanchangi Ward of Takum)
41739,NIG-2012-2-455-1,2012,Fulani - Tiv,Fulani - Tiv,Fulani,Tiv,Nasarawa state,Keana lga,8.23333,8.56667,2012-02-16,2012-02-16,0,0,0,4,4,4,4,"Nigeria: Domestic Media Monitoring Report, 12-18 February 2012, citing Daily Trust website on 17 February, Nigeria Watch 9123 ""Tiv clash with Fulani, Nasarawa",,Shatse village in Kadarko ward
41351,NIG-2012-2-455-2,2012,Fulani - Tiv,Fulani - Tiv,Fulani,Tiv,Taraba state,Takum lga,7.51344,9.92906,2012-02-28,2012-02-28,0,2,0,0,2,2,2,"Nigeria Watch 9148 ""Tiv vs. Fulanis, Taraba",,Chachangi
41363,NIG-2012-2-455-3,2012,Fulani - Tiv,Fulani - Tiv,Fulani,Tiv,Taraba state,Takum lga,7.41158,10.04478,2012-02-28,2012-02-28,1,0,0,0,1,1,1,"Nigeria Watch 9148 ""Tiv vs. Fulanis, Taraba",,Donga
41742,NIG-2012-2-455-4,2012,Fulani - Tiv,Fulani - Tiv,Fulani,Tiv,Benue state,Gwer West lga,7.63211,8.21656,2012-03-04,2012-03-04,0,6,0,0,6,9,6,"Nigeria Watch 9191 ""Fulani invade Tiv community, Benue""; Vanguard 10/3-12, ""How we survived the Tiv/Fulani bloodbath in Benue-survivors"" at http://www.vanguardngr.com/2012/03/how-we-survived-the-tivfulani-bloodbath-in-benue-survivors/",,Tse-Ayande
41743,NIG-2012-2-455-5,2012,Fulani - Tiv,Fulani - Tiv,Fulani,Tiv,Benue state,Gwer West lga,7.63211,8.21656,2012-03-04,2012-03-04,0,6,0,0,6,9,6,"Nigeria Watch 9191 ""Fulani invade Tiv community, Benue""; Vanguard 10/3-12, ""How we survived the Tiv/Fulani bloodbath in Benue-survivors"" at http://www.vanguardngr.com/2012/03/how-we-survived-the-tivfulani-bloodbath-in-benue-survivors/",,Chille
41744,NIG-2012-2-455-6,2012,Fulani - Tiv,Fulani - Tiv,Fulani,Tiv,Benue state,Gwer West lga,7.645407,8.084792,2012-03-04,2012-03-04,0,6,0,0,6,9,6,"Nigeria Watch 9191 ""Fulani invade Tiv community, Benue""; Vanguard 10/3-12, ""How we survived the Tiv/Fulani bloodbath in Benue-survivors"" at http://www.vanguardngr.com/2012/03/how-we-survived-the-tivfulani-bloodbath-in-benue-survivors/",,Mma-Kpe
41745,NIG-2012-2-455-7,2012,Fulani - Tiv,Fulani - Tiv,Fulani,Tiv,Benue state,Gwer West lga,7.63211,8.21656,2012-03-04,2012-03-04,0,6,0,0,6,9,6,"Nigeria Watch 9191 ""Fulani invade Tiv community, Benue""; Vanguard 10/3-12, ""How we survived the Tiv/Fulani bloodbath in Benue-survivors"" at http://www.vanguardngr.com/2012/03/how-we-survived-the-tivfulani-bloodbath-in-benue-survivors/",,Tse-Gboku
41746,NIG-2012-2-455-8,2012,Fulani - Tiv,Fulani - Tiv,Fulani,Tiv,Benue state,Gwer West lga,7.63211,8.21656,2012-03-04,2012-03-04,0,6,0,0,6,9,6,"Nigeria Watch 9191 ""Fulani invade Tiv community, Benue""; Vanguard 10/3-12, ""How we survived the Tiv/Fulani bloodbath in Benue-survivors"" at http://www.vanguardngr.com/2012/03/how-we-survived-the-tivfulani-bloodbath-in-benue-survivors/",,Tse-Kpar
41740,NIG-2012-2-455-9,2012,Fulani - Tiv,Fulani - Tiv,Fulani,Tiv,Nasarawa state,Keana lga,8.23333,8.56667,2012-03-10,2012-03-11,0,11,0,0,11,11,11,"The Guardian 12/3-12, ""11 killed, thousands flee Nasarawa as Tiv, herdsmen clash"" at http://www.ngrguardiannews.com/index.php?option=com_content&view=article&id=79824:11-killed-thousands-flee-nasarawa-as-tiv-herdsmen-clash&catid=1:national&Itemid=559",,Kadarko
41747,NIG-2012-2-455-11,2012,Fulani - Tiv,Fulani - Tiv,Fulani,Tiv,Taraba state,Takum lga,7.41158,10.04478,2012-03-19,2012-03-19,0,0,0,2,2,3,2,"Nigeria: Domestic Media Monitoring Report, 18 - 24 March 2012, citing Daily Trust website on 19 March",,Agbaaye
41748,NIG-2012-2-455-12,2012,Fulani - Tiv,Fulani - Tiv,Fulani,Tiv,Taraba state,Takum lga,7.41158,10.04478,2012-03-19,2012-03-19,0,0,0,3,3,3,3,"The Guardian 20/3-12, ""15 feared killed in fresh Fulani, Tiv farmers clash"" at http://www.guardiannewsngr.com/index.php?option=com_content&view=article&id=80634:15-feared-killed-in-fresh-fulani-tiv-farmers-clash-&catid=1:national&Itemid=559",,Demavaa
41749,NIG-2012-2-455-13,2012,Fulani - Tiv,Fulani - Tiv,Fulani,Tiv,Taraba state,Takum lga,7.41158,10.04478,2012-03-19,2012-03-19,0,0,0,3,3,3,3,"The Guardian 20/3-12, ""15 feared killed in fresh Fulani, Tiv farmers clash"" at http://www.guardiannewsngr.com/index.php?option=com_content&view=article&id=80634:15-feared-killed-in-fresh-fulani-tiv-farmers-clash-&catid=1:national&Itemid=559",,Dooshima
41750,NIG-2012-2-455-14,2012,Fulani - Tiv,Fulani - Tiv,Fulani,Tiv,Taraba state,Takum lga,7.41158,10.04478,2012-03-19,2012-03-19,0,0,0,3,3,3,3,"The Guardian 20/3-12, ""15 feared killed in fresh Fulani, Tiv farmers clash"" at http://www.guardiannewsngr.com/index.php?option=com_content&view=article&id=80634:15-feared-killed-in-fresh-fulani-tiv-farmers-clash-&catid=1:national&Itemid=559",,Ayu
41751,NIG-2012-2-455-15,2012,Fulani - Tiv,Fulani - Tiv,Fulani,Tiv,Taraba state,Takum lga,7.41158,10.04478,2012-03-19,2012-03-19,0,0,0,3,3,4,3,"The Guardian 20/3-12, ""15 feared killed in fresh Fulani, Tiv farmers clash"" at http://www.guardiannewsngr.com/index.php?option=com_content&view=article&id=80634:15-feared-killed-in-fresh-fulani-tiv-farmers-clash-&catid=1:national&Itemid=559",,New Gboko
41752,NIG-2012-2-455-17,2012,Fulani - Tiv,Fulani - Tiv,Fulani,Tiv,Benue state,Gwer West lga,7.63211,8.21656,2012-05-19,2012-05-20,0,0,0,3,3,3,3,"Agence France-Presse (AFP) 22/5-12, ""Violence in central Nigeria leaves 10 dead, houses burnt",,Tyoughatee district
41753,NIG-2012-2-455-18,2012,Fulani - Tiv,Fulani - Tiv,Fulani,Tiv,Benue state,Gwer West lga,7.63211,8.21656,2012-05-19,2012-05-20,0,0,0,3,3,3,3,"Agence France-Presse (AFP) 22/5-12, ""Violence in central Nigeria leaves 10 dead, houses burnt",,Gbaange/Tongov district
41754,NIG-2012-2-455-19,2012,Fulani - Tiv,Fulani - Tiv,Fulani,Tiv,Benue state,Gwer West lga,7.63211,8.21656,2012-05-19,2012-05-20,0,0,0,4,4,4,4,"Agence France-Presse (AFP) 22/5-12, ""Violence in central Nigeria leaves 10 dead, houses burnt",,Mbaagbuu district
41338,CHA-2012-2-5583-0,2012,Fulani - Tiv,Fulani - Tiv,Fulani,Tiv,Benue state,Gwer West lga,7.63211,8.21656,2012-05-19,2012-05-21,0,10,0,0,10,10,10,"Nigeria: Domestic Media Monitoring Report, l3-26 May 2012, citing Daily Trust website on 22 May",,Gwer West Local Government area of Benue state
41755,NIG-2012-2-455-20,2012,Fulani - Tiv,Fulani - Tiv,Fulani,Tiv,Benue state,Makurdi lga,7.7411,8.5121,2012-10-14,2012-10-14,0,30,0,0,30,30,30,"Vanguard 17/10-12, ""Bloodbath as Tiv, Fulani clash in Benue"", AFP 17/10-12. ""Central Nigeria ethnic clash kills at least 30 people",,Yogbo (less than 15 minutes drive from Makurdi town)
65150,NIG-2013-2-12441-1,2013,Eggon - Fulani,Eggon - Fulani,Eggon,Fulani,Nasarawa state,Doma lga,8.20323,8.30466,2013-01-10,2013-01-10,1,5,0,0,6,6,6,"""Nigeria Watch,2013-01-10,Title  Fulani vs Eggon, Nasarawa  ""","Title  Fulani vs Eggon, Nasarawa","Ruwan Doma, Doma LGA"
65078,NIG-2013-2-360-10,2013,Fulani - Tarok,Fulani - Tarok,Fulani,Tarok,Plateau state,Jos South lga,9.75,8.88333,2013-01-23,2013-01-23,1,1,0,0,2,2,2,"""Vanguard ,2013-01-24,20 killed in Plateau sectarian crisis""",20 killed in Plateau sectarian crisis,"Du area, Jos South LGA"
45899,NIG-2013-2-360-0,2013,Fulani - Tarok,Fulani - Tarok,Fulani,Tarok,Plateau state,Wase lga,9.08261,10.20519,2013-01-23,2013-01-23,0,0,0,18,18,18,18,"""All Africa,2013-01-25,Ten Killed in Plateau Communal Violence"";""All Africa,2013-01-28,Wase Killings - Seven More Corpses Recovered"";""Vanguard ,2013-01-24,20 killed in Plateau sectarian crisis""",Ten Killed in Plateau Communal Violence;Wase Killings - Seven More Corpses Recovered;20 killed in Plateau sectarian crisis,"Wadatan Garga, Plateau state"
65186,NIG-2013-2-12342-1,2013,Fulani - Idoma,Fulani - Idoma,Fulani,Idoma,Benue state,Oturkpo lga,7.30736,8.07494,2013-01-27,2013-01-27,3,0,0,0,3,3,3,"""Nigeria Watch,2013-01-27,Title  Farmers clash with Fulanis, Benue""","Title  Farmers clash with Fulanis, Benue",Otukpo LGA
65190,NIG-2013-2-12441-2,2013,Eggon - Fulani,Eggon - Fulani,Eggon,Fulani,Nasarawa state,Doma lga,8.43333,8.21667,2013-02-02,2013-02-02,2,0,0,0,2,2,2,"""Vanguard ,2013-02-03,Fulani herdsmen kill 10, injure 15""","Fulani herdsmen kill 10, injure 15",Rutu village in Doma Local Government
65192,NIG-2013-2-12441-3,2013,Eggon - Fulani,Eggon - Fulani,Eggon,Fulani,Nasarawa state,Nasarawa Eggon lga,8.74947,8.44035,2013-02-02,2013-02-02,0,0,0,0,0,8,0,"""Vanguard ,2013-02-03,Fulani herdsmen kill 10, injure 15""","Fulani herdsmen kill 10, injure 15",Iga community
65197,NIG-2013-2-455-6,2013,Fulani - Tiv,Fulani - Tiv,Fulani,Tiv,Benue state,Guma lga,7.96667,8.76667,2013-03-08,2013-03-08,0,2,0,0,2,2,2,"""Nigeria Watch,2013-03-08,Title  Tiv farmers v.s. Fulani herdsmen, Benue  ""","Title  Tiv farmers v.s. Fulani herdsmen, Benue","Ake Lake, Guma LGA"
65232,NIG-2013-2-455-7,2013,Fulani - Tiv,Fulani - Tiv,Fulani,Tiv,Benue state,Guma lga,7.842145,8.861159,2013-03-13,2013-03-13,0,0,0,2,2,2,2,"""Nigeria Watch,2013-03-13,Title  Tiv farmers clash with herdsmen, Benue  ""","Title  Tiv farmers clash with herdsmen, Benue","Iye village, Guma LGA"
46030,NIG-2013-2-360-1,2013,Fulani - Tarok,Fulani - Tarok,Fulani,Tarok,Plateau state,Wase lga,8.910664,10.020653,2013-03-17,2013-03-17,0,0,0,0,0,2,0,"""All Africa,2013-03-21,Plateau - Nine Feared Killed in Reprisal Attack""",Plateau - Nine Feared Killed in Reprisal Attack,"Kadarko village, Wase LGA, Plateau State"
46031,NIG-2013-2-360-2,2013,Fulani - Tarok,Fulani - Tarok,Fulani,Tarok,Plateau state,Wase lga,9.08261,10.20519,2013-03-20,2013-03-20,0,0,0,0,0,9,0,"""All Africa,2013-03-21,Plateau - Nine Feared Killed in Reprisal Attack""",Plateau - Nine Feared Killed in Reprisal Attack,"Fili Mavou village, Wase Local Government Area, Plateau State"
48459,NIG-2013-2-360-4,2013,Fulani - Tarok,Fulani - Tarok,Fulani,Tarok,Plateau state,Wase lga,9.1,9.966667,2013-04-06,2013-04-06,2,13,0,0,15,15,15,"""All Africa,2013-04-15,Plateau's Circle of 'Endless' Violence [analysis]""",Plateau's Circle of 'Endless' Violence [analysis],"Wase town, Wase LGA, Plateau state"
65324,NIG-2013-2-360-11,2013,Fulani - Tarok,Fulani - Tarok,Fulani,Tarok,Plateau state,Langtang South lga,8.539103,9.706028,2013-04-06,2013-04-06,0,7,0,0,7,7,7,"""Nigeria Watch,2013-04-06,Title  Fulani attack Karkashi, Plateau  ""","Title  Fulani attack Karkashi, Plateau",Karkashi village
48409,NIG-2013-2-360-3.1,2013,Fulani - Tarok,Fulani - Tarok,Fulani,Tarok,Plateau state,Wase lga,9.114567,9.926308,2013-04-08,2013-04-08,0,0,0,20,20,20,20,"""All Africa,2013-04-10,Residents Flee Plateau Town As Death Toll Climbs to 40""",Residents Flee Plateau Town As Death Toll Climbs to 40,"Zango, Plateau state"
48410,NIG-2013-2-360-3.2,2013,Fulani - Tarok,Fulani - Tarok,Fulani,Tarok,Plateau state,Wase lga,9.1,9.966667,2013-04-08,2013-04-08,0,0,0,20,20,20,20,"""All Africa,2013-04-10,Residents Flee Plateau Town As Death Toll Climbs to 40""",Residents Flee Plateau Town As Death Toll Climbs to 40,"Wase town, Wase LGA, Plateau state"
65325,NIG-2013-2-455-8,2013,Fulani - Tiv,Fulani - Tiv,Fulani,Tiv,Benue state,Guma lga,7.9974,8.4467,2013-04-08,2013-04-08,0,0,0,3,3,3,3,"""Nigeria Watch,2013-04-08,Title  Fulani v.s. Tiv farmers, Benue  ""","Title  Fulani v.s. Tiv farmers, Benue",Yogbo village
65333,NIG-2013-2-455-9,2013,Fulani - Tiv,Fulani - Tiv,Fulani,Tiv,Benue state,Makurdi lga,7.7042,8.53588,2013-04-10,2013-04-10,0,0,0,27,27,27,27,"""Nigeria Watch,2013-04-10,Title  27 killed in Tiv/Fulani clash, Benue  ""","Title  27 killed in Tiv/Fulani clash, Benue","Mbalagh council ward, Makurdi LGA"
65365,NIG-2013-2-455-10,2013,Fulani - Tiv,Fulani - Tiv,Fulani,Tiv,Benue state,Guma lga,7.8155,8.8604,2013-04-16,2013-04-16,0,4,0,0,4,4,4,"""Nigeria Watch,2013-04-16,Title  Fulani kill Tiv farmers, Benue  ""","Title  Fulani kill Tiv farmers, Benue","Imande Jem village, a farming community located on the University of Agriculture, Makurdi (UAM)-Gbajimba Road"
236121,NIG-2013-2-12341-9,2013,Agatu - Fulani,Agatu - Fulani,Agatu,Fulani,Benue state,Gwer West lga,7.5834,8.2055,2013-04-20,2013-04-20,0,1,0,0,1,1,1,"""All Africa,2016-03-21,Special Report - Inside the Agatu Killing Field: Blood On the Streets, Charred Bodies Everywhere""","Special Report - Inside the Agatu Killing Field: Blood On the Streets, Charred Bodies Everywhere",Naka (near)
65373,NIG-2013-2-455-11,2013,Fulani - Tiv,Fulani - Tiv,Fulani,Tiv,Benue state,Guma lga,7.96667,8.76667,2013-04-23,2013-04-23,0,10,0,0,10,10,10,"""Nigeria Watch,2013-04-23,Title  Fulani attack farmers, Benue  ""","Title  Fulani attack farmers, Benue",Mbasenge community of Mbagwen
236123,NIG-2013-2-12341-10,2013,Agatu - Fulani,Agatu - Fulani,Agatu,Fulani,Benue state,Gwer West lga,7.63211,8.21656,2013-04-23,2013-04-23,0,1,0,0,1,1,1,"""All Africa,2016-03-21,Special Report - Inside the Agatu Killing Field: Blood On the Streets, Charred Bodies Everywhere""","Special Report - Inside the Agatu Killing Field: Blood On the Streets, Charred Bodies Everywhere",Gwer west
65379,NIG-2013-2-455-12,2013,Fulani - Tiv,Fulani - Tiv,Fulani,Tiv,Benue state,Makurdi lga,7.7042,8.53588,2013-05-05,2013-05-05,0,6,0,0,6,6,6,"""Nigeria Watch,2013-05-05,Title  Fulani herdsmen kill 6, Benue  ""","Title  Fulani herdsmen kill 6, Benue",Madugu village
48485,NIG-2013-2-12341-6,2013,Agatu - Fulani,Agatu - Fulani,Agatu,Fulani,Benue state,Agatu lga,7.940585,7.799793,2013-05-12,2013-05-12,0,38,0,0,38,40,38,"""All Africa,2013-05-14,Herdsmen Kill 45 in Benue Villages"";""Nigeria Watch,2013-05-12,Title  Fulani attack claims 40 Idoma, Benue  ""","Herdsmen Kill 45 in Benue Villages;Title  Fulani attack claims 40 Idoma, Benue","Ekwo-Okpachanyi village, Agatu LGA, Benue state"
48486,NIG-2013-2-12341-7,2013,Agatu - Fulani,Agatu - Fulani,Agatu,Fulani,Benue state,Agatu lga,7.9061,7.85487,2013-05-13,2013-05-13,0,7,0,0,7,7,7,"""Nigeria Watch,2013-05-13,Title  Fulani attack claims 40 Idoma, Benue  "";""All Africa,2013-05-14,Herdsmen Kill 45 in Benue Villages""","Title  Fulani attack claims 40 Idoma, Benue  ;Herdsmen Kill 45 in Benue Villages","Agatu LGA, Benue state"
65406,NIG-2013-2-455-13,2013,Fulani - Tiv,Fulani - Tiv,Fulani,Tiv,Benue state,Guma lga,7.96667,8.76667,2013-05-22,2013-05-22,0,7,0,0,7,7,7,"""Nigeria Watch,2013-05-22,Title  Fulani herdsmen kill 7, Benue  ""","Title  Fulani herdsmen kill 7, Benue","Tse-Nyamkyume, Tse-Ama, Tse-Uto"
65414,NIG-2013-2-455-14.1,2013,Fulani - Tiv,Fulani - Tiv,Fulani,Tiv,Nasarawa state,Keana lga,8.23333,8.56667,2013-05-28,2013-05-28,0,1,0,0,1,1,1,"""Nigeria Watch,2013-05-28,Title  Two killed as Fulani herdsmen attack Tiv communities, Nasarawa  ""","Title  Two killed as Fulani herdsmen attack Tiv communities, Nasarawa",Kadarko
65415,NIG-2013-2-455-14.2,2013,Fulani - Tiv,Fulani - Tiv,Fulani,Tiv,Nasarawa state,Keana lga,8.23333,8.56667,2013-05-28,2013-05-28,0,1,0,0,1,1,1,"""Nigeria Watch,2013-05-28,Title  Two killed as Fulani herdsmen attack Tiv communities, Nasarawa  ""","Title  Two killed as Fulani herdsmen attack Tiv communities, Nasarawa",Kadarko village (around)
51430,NIG-2013-2-455-15,2013,Fulani - Tiv,Fulani - Tiv,Fulani,Tiv,Benue state,Guma lga,7.96667,8.76667,2013-05-30,2013-05-30,0,17,0,0,17,17,17,"""All Africa,2013-06-03,Herdsmen Massacre 17, Several Hundreds Flee Homes in Benue"";""Nigerian Tribune,2013-05-31,17 killed in fresh Fulani/Tiv attack""","Herdsmen Massacre 17, Several Hundreds Flee Homes in Benue;17 killed in fresh Fulani/Tiv attack","Akough village (at the bank of the River Benue which is bordering both Benue And Nasarawa states), Guma LGA, Benue state"
65427,NIG-2013-2-455-16,2013,Fulani - Tiv,Fulani - Tiv,Fulani,Tiv,Benue state,Guma lga,7.96667,8.76667,2013-06-01,2013-06-01,0,8,0,0,8,8,8,"""Nigeria Watch,2013-06-01,Title  Fulani gunmen kill 8 persons, Benue  ""","Title  Fulani gunmen kill 8 persons, Benue","Tse Akor, Tse-Kondon and Tse Umega"
65935,NIG-2013-2-455-20,2013,Fulani - Tiv,Fulani - Tiv,Fulani,Tiv,Nasarawa state,Awe lga,8.27456,9.1849,2013-06-07,2013-06-07,0,2,0,0,2,2,2,"""Nigeria Watch,2013-06-07,Title  Fulani gunmen, Nasarawa  ""","Title  Fulani gunmen, Nasarawa","Jengeru village, Awe LGA"
51438,CHA-2013-2-12342-0,2013,Fulani - Idoma,Fulani - Idoma,Fulani,Idoma,Benue state,Okpokwu lga,6.90555,7.78962,2013-06-10,2013-06-10,0,1,0,0,1,1,1,"""All Africa,2013-06-13,Police Arrest Two Fulani Herdsmen Who Attacked Ichama Village in Benue""",Police Arrest Two Fulani Herdsmen Who Attacked Ichama Village in Benue,"Ichama community, Okpokwu LGA, Benue state"
51456,NIG-2013-2-360-5,2013,Fulani - Tarok,Fulani - Tarok,Fulani,Tarok,Plateau state,Langtang South lga,8.49724,9.73141,2013-06-27,2013-06-27,0,23,0,0,23,23,23,"""The Times of India,2013-06-28,48 killed in ethnic violence in central Nigeria"";""All Africa,2013-06-28,32 Feared Killed in Three Plateau Villages""",48 killed in ethnic violence in central Nigeria;32 Feared Killed in Three Plateau Villages,"Magama village, Langtang South LGA, Plateau state"
51457,NIG-2013-2-360-6,2013,Fulani - Tarok,Fulani - Tarok,Fulani,Tarok,Plateau state,Langtang South lga,8.475114,9.725226,2013-06-27,2013-06-27,0,7,0,0,7,7,7,"""The Times of India,2013-06-28,48 killed in ethnic violence in central Nigeria"";""All Africa,2013-06-28,32 Feared Killed in Three Plateau Villages""",48 killed in ethnic violence in central Nigeria;32 Feared Killed in Three Plateau Villages,"Bolgang village, Langtang South LGA, Plateau state"
51458,NIG-2013-2-360-7,2013,Fulani - Tarok,Fulani - Tarok,Fulani,Tarok,Plateau state,Langtang South lga,8.539103,9.706028,2013-06-27,2013-06-27,0,2,0,0,2,2,2,"""The Times of India,2013-06-28,48 killed in ethnic violence in central Nigeria"";""All Africa,2013-06-28,32 Feared Killed in Three Plateau Villages""",48 killed in ethnic violence in central Nigeria;32 Feared Killed in Three Plateau Villages,"Karkishi village, Langtang South LGA, Plateau state"
51469,NIG-2013-2-455-1,2013,Fulani - Tiv,Fulani - Tiv,Fulani,Tiv,Benue state,Guma lga,8.00143,9.04323,2013-07-05,2013-07-05,0,20,0,0,20,20,20,"""Agence France Presse,2013-07-06,Gunmen attack village in tense central Nigeria: police"";""Vanguard ,2013-07-06,20 feared dead in an outbreak of Tiv/Fulani bloodbath - See more at: http://www.vanguardngr.com/2013/07/20-feared-dead-in-an-outbreak-of-tivfulani-bloodbath/#sthash.6IR1vF92.dpuf""",Gunmen attack village in tense central Nigeria: police;20 feared dead in an outbreak of Tiv/Fulani bloodbath - See more at: http://www.vanguardngr.com/2013/07/20-feared-dead-in-an-outbreak-of-tivfulani-bloodbath/#sthash.6IR1vF92.dpuf,"Iyordye Akaahena village, Guma LGA, Benue state"
65468,CHA-2013-2-5583-0,2013,Fulani - Tiv,Fulani - Tiv,Fulani,Tiv,Benue state,Guma lga,7.96667,8.76667,2013-07-07,2013-07-07,0,34,0,0,34,34,34,"""Naija Mayor,2013-07-08,Fulani Herdsmen Attack Benue Village, Kill 34""","Fulani Herdsmen Attack Benue Village, Kill 34",Akuroko village
51481,NIG-2013-2-455-2,2013,Fulani - Tiv,Fulani - Tiv,Fulani,Tiv,Nasarawa state,Awe lga,8.1,9.13333,2013-07-08,2013-07-08,0,0,0,9,9,9,9,"""All Africa,2013-08-05,Crisis in Benue/Nasarawa Border Despite Peace Talks"";""All Africa,2013-07-10,Nine Killed in Fresh Communal Clash in Benue - Police""",Crisis in Benue/Nasarawa Border Despite Peace Talks;Nine Killed in Fresh Communal Clash in Benue - Police,Awe village (on the border area with Benue)
65470,NIG-2013-2-455-17,2013,Fulani - Tiv,Fulani - Tiv,Fulani,Tiv,Nasarawa state,Awe lga,8.18333,9.05,2013-07-09,2013-07-09,0,3,0,0,3,3,3,"""Nigeria Watch,2013-07-09,Title  Herdsmen Kill 3, Nasarawa  ""","Title  Herdsmen Kill 3, Nasarawa","Abuni, Awe LGA"
60701,NIG-2013-2-455-4,2013,Fulani - Tiv,Fulani - Tiv,Fulani,Tiv,Nasarawa state,Keana lga,8.16746,8.76829,2013-07-11,2013-08-05,0,6,0,0,6,6,6,"""All Africa,2013-08-05,Crisis in Benue/Nasarawa Border Despite Peace Talks""",Crisis in Benue/Nasarawa Border Despite Peace Talks,"Kuduku, Agyo, Akuwa, Anima and Cheyene settlements in Keana (border Benue-Nasarawa)"
65477,NIG-2013-2-360-12,2013,Fulani - Tarok,Fulani - Tarok,Fulani,Tarok,Plateau state,Wase lga,9.1,9.966667,2013-07-26,2013-07-27,0,0,0,0,0,6,0,"""Nigeria Watch,2013-07-27,Title  Gunmen Kill 6, Plateau  "";""Naij,2013-08-02,Plateau Community Denies Attacking Fulani""","Title  Gunmen Kill 6, Plateau  ;Plateau Community Denies Attacking Fulani",Wase town
65480,NIG-2013-2-12341-0,2013,Agatu - Fulani,Agatu - Fulani,Agatu,Fulani,Benue state,Agatu lga,7.9061,7.85487,2013-07-28,2013-07-28,0,0,0,8,8,8,8,"""Nigeria Watch,2013-07-28,Title  Fresh Attack on Agatu, Benue  ""","Title  Fresh Attack on Agatu, Benue","Ochologologwu and Enogaje villages, Agatu LGA"
65482,NIG-2013-2-455-18,2013,Fulani - Tiv,Fulani - Tiv,Fulani,Tiv,Nasarawa state,Keana lga,8.16746,8.76829,2013-07-31,2013-07-31,0,16,0,0,16,16,16,"""Nigeria Watch,2013-07-31,Title  Gunmen Kill 16, Nasarawa (1) ""","Title  Gunmen Kill 16, Nasarawa (1)",Kuduku community
64796,NIG-2013-2-12441-0,2013,Eggon - Fulani,Eggon - Fulani,Eggon,Fulani,Nasarawa state,Obi lga,8.34738,8.72769,2013-08-22,2013-08-22,1,0,0,0,1,1,1,"""Nigeria Watch,2013-08-22,Title  1 Dies in Communal Clash, Nasarawa  ""","Title  1 Dies in Communal Clash, Nasarawa","Akaba Village, Obi LGA"
65532,NIG-2013-2-455-19,2013,Fulani - Tiv,Fulani - Tiv,Fulani,Tiv,Nasarawa state,Awe lga,8.1,9.13333,2013-09-24,2013-09-24,0,0,0,20,20,20,20,"""Nigeria Watch,2013-09-24,Title  Tiv vs Fulani, Nasarawa  ""","Title  Tiv vs Fulani, Nasarawa",Awe
65540,NIG-2013-2-12341-1.1,2013,Agatu - Fulani,Agatu - Fulani,Agatu,Fulani,Benue state,Agatu lga,7.7248,7.85927,2013-09-28,2013-09-28,4,0,0,0,4,4,4,"""Nigeria Watch,2013-09-28,Title  Herdsmen and Farmers, Benue  "";""Naij,2013-09-30,Violence Outbreak In Benue, Dozens Feared Dead""","Title  Herdsmen and Farmers, Benue  ;Violence Outbreak In Benue, Dozens Feared Dead","Ojantele, Agatu LGA"
65541,NIG-2013-2-12341-1.2,2013,Agatu - Fulani,Agatu - Fulani,Agatu,Fulani,Benue state,Agatu lga,7.9061,7.85487,2013-09-28,2013-09-28,9,0,0,0,9,9,9,"""Nigeria Watch,2013-09-28,Title  Herdsmen and Farmers, Benue  "";""Naij,2013-09-30,Violence Outbreak In Benue, Dozens Feared Dead""","Title  Herdsmen and Farmers, Benue  ;Violence Outbreak In Benue, Dozens Feared Dead","Okpagabi and Ibadan, Agatu LGA"
65544,NIG-2013-2-12341-2,2013,Agatu - Fulani,Agatu - Fulani,Agatu,Fulani,Benue state,,7.333333,8.75,2013-09-29,2013-09-29,0,20,0,0,20,20,20,"""Nigeria Watch,2013-09-29,Title  Herdsmen and Farmers, Benue  "";""Naij,2013-09-30,Violence Outbreak In Benue, Dozens Feared Dead""","Title  Herdsmen and Farmers, Benue  ;Violence Outbreak In Benue, Dozens Feared Dead",boarder village between Apa and Agatu
65552,NIG-2013-2-12341-3,2013,Agatu - Fulani,Agatu - Fulani,Agatu,Fulani,Benue state,Agatu lga,7.9919,7.6557,2013-10-04,2013-10-04,0,0,0,3,3,3,3,"""Nigeia Watch,2013-10-04,Title  Herdsmen Kill 3, Benue"";""Vanguard ,2013-10-05,3 feared dead as suspected Fulani mercenaries invade Benue community ""","Title  Herdsmen Kill 3, Benue;3 feared dead as suspected Fulani mercenaries invade Benue community",Ejima community
65561,NIG-2013-2-12341-11,2013,Agatu - Fulani,Agatu - Fulani,Agatu,Fulani,Benue state,Agatu lga,7.856119,7.942503,2013-10-06,2013-10-06,2,0,0,0,2,2,2,"""Nigeria Watch,2013-10-06,Title  2 Die in Gunmen Attack, Benue  "";""All Africa (Daily Trust),2013-10-12,Nigeria: Agatu Lives in Perpetual Fear of Unknown Invaders""","Title  2 Die in Gunmen Attack, Benue  ;Nigeria: Agatu Lives in Perpetual Fear of Unknown Invaders",Egwuma
61450,NIG-2013-2-12341-12,2013,Agatu - Fulani,Agatu - Fulani,Agatu,Fulani,Benue state,Agatu lga,7.9061,7.85487,2013-10-12,2013-10-12,30,0,0,0,30,30,30,"""BBC Monitoring Africa,2013-10-14,Gunmen kill 30 during attack in Nigeria's Benue State""",Gunmen kill 30 during attack in Nigeria's Benue State,"Oguchi-Ankpa, Agatu council, Benue state"
100493,NIG-2013-2-12341-5.1,2013,Agatu - Fulani,Agatu - Fulani,Agatu,Fulani,Benue state,Agatu lga,7.9411,7.7622,2013-11-07,2013-11-07,4,0,0,0,4,4,4,"""Daily Post,2013-11-10,Latest on Agatu crisis: Death toll rises to 36, seven villages razed""","Latest on Agatu crisis: Death toll rises to 36, seven villages razed",Ikpele community
100494,NIG-2013-2-12341-5.2,2013,Agatu - Fulani,Agatu - Fulani,Agatu,Fulani,Benue state,Agatu lga,7.8677,8.0949,2013-11-07,2013-11-07,3,0,0,0,3,3,3,"""Daily Post,2013-11-10,Latest on Agatu crisis: Death toll rises to 36, seven villages razed""","Latest on Agatu crisis: Death toll rises to 36, seven villages razed",Okpopolo community
62219,NIG-2013-2-12341-8,2013,Agatu - Fulani,Agatu - Fulani,Agatu,Fulani,Benue state,Agatu lga,7.9061,7.85487,2013-11-09,2013-11-09,0,0,0,6,6,36,6,"""All Africa,2013-11-10,36 Feared Killed As Fulani Herdsmen Strike in Benue"";""All Africa,2013-11-11,Legislator Alerts On Fresh Attack in Benue As Police Confirm Six Dead""",36 Feared Killed As Fulani Herdsmen Strike in Benue;Legislator Alerts On Fresh Attack in Benue As Police Confirm Six Dead,"Ello, Okpagabi, Ogwule-Ankpa, Ogbangede, Ekwo, Enogaje and Okpanchenyi, Agatu LGA, Benue state"
64785,NIG-2013-2-360-8,2013,Fulani - Tarok,Fulani - Tarok,Fulani,Tarok,Taraba state,Karim Lamidu lga,8.68333,10.36667,2013-11-10,2013-11-10,0,0,0,4,4,4,4,"""Nigeria Watch,2013-11-10,Title  Communal Clash Claims 4, Taraba  ""","Title  Communal Clash Claims 4, Taraba","Amar Community, Karim-Lamido LGA"
64377,NIG-2013-2-455-5,2013,Fulani - Tiv,Fulani - Tiv,Fulani,Tiv,Benue state,Guma lga,7.7166,8.899,2013-12-26,2013-12-26,0,0,0,7,7,7,7,"""All Africa,2013-12-30,Governor Suswam Says Fulani Herdsmen Not Responsible for Killings in Benue"";""Nigeria Watch,2013-12-26,Title  Tiv vs Fulani Clash Claims 7, Benue  ""","Governor Suswam Says Fulani Herdsmen Not Responsible for Killings in Benue;Title  Tiv vs Fulani Clash Claims 7, Benue",Agasha in Guma Local Government Area
128871,NIG-2014-2-455-0,2014,Fulani - Tiv,Fulani - Tiv,Fulani,Tiv,Benue state,Makurdi lga,7.672047,8.519238,2014-01-19,2014-01-19,0,0,0,3,3,3,3,"""All Africa,2014-01-22,Three Feared Dead, Scores Missing in Fresh Tiv, Herdsmen Clash""","Three Feared Dead, Scores Missing in Fresh Tiv, Herdsmen Clash","Adeke village, which is less than four kilometres from the heart of Makurdi town"
128867,NIG-2014-2-12341-0.1,2014,Agatu - Fulani,Agatu - Fulani,Agatu,Fulani,Benue state,Agatu lga,7.96685,7.8239,2014-01-19,2014-01-19,4,0,0,0,4,4,4,"""All Africa,2014-01-21,20 Civilians, Five Soldiers Killed in Renewed Fulani Attack On Agatu""","20 Civilians, Five Soldiers Killed in Renewed Fulani Attack On Agatu",Oweto village
128868,NIG-2014-2-12341-0.2,2014,Agatu - Fulani,Agatu - Fulani,Agatu,Fulani,Benue state,Agatu lga,7.9061,7.85487,2014-01-19,2014-01-19,3,0,0,0,3,4,3,"""All Africa,2014-01-21,20 Civilians, Five Soldiers Killed in Renewed Fulani Attack On Agatu""","20 Civilians, Five Soldiers Killed in Renewed Fulani Attack On Agatu",Utuluweu
128915,CHA-2014-2-360-0,2014,Fulani - Tarok,Fulani - Tarok,Fulani,Tarok,Plateau state,Wase lga,9.076944,10.059536,2014-02-06,2014-02-06,0,0,0,0,0,22,0,"""All Africa,2014-02-07,20 People Killed Again in Plateau"";""http://www.naijahidi.org/,2014-02-06,Gunmen kill 22 in fresh Plateau attack"";""Leadership ,2014-02-06,Nigeria: Gunmen Kill 22 in Plateau Village""",20 People Killed Again in Plateau;Gunmen kill 22 in fresh Plateau attack;Nigeria: Gunmen Kill 22 in Plateau Village,Mavou village in Wase Local Government Area
129117,NIG-2014-2-455-2,2014,Fulani - Tiv,Fulani - Tiv,Fulani,Tiv,Benue state,Kwande lga,6.80099,9.47021,2014-03-06,2014-03-06,0,0,0,0,0,7,0,"""All Africa,2014-03-06,Gunmen Kill 13, Burn Houses in Benue"";""BBC Monitoring Africa,2014-03-07,Gunmen reportedly kill 30 people Nigeria's Benue State""","Gunmen Kill 13, Burn Houses in Benue;Gunmen reportedly kill 30 people Nigeria's Benue State","Anyiase, Moon, Waya and Ihyundugh villages Kwande LGA"
129119,NIG-2014-2-455-3,2014,Fulani - Tiv,Fulani - Tiv,Fulani,Tiv,Benue state,Logo lga,7.561399,9.206222,2014-03-06,2014-03-06,0,0,0,0,0,6,0,"""BBC Monitoring Africa,2014-03-07,Gunmen reportedly kill 30 people Nigeria's Benue State""",Gunmen reportedly kill 30 people Nigeria's Benue State,"Tse Ibor, Logo local government area"
192530,CHA-2014-2-455-7,2014,Fulani - Tiv,Fulani - Tiv,Fulani,Tiv,Benue state,Logo lga,7.68922,9.25049,2014-03-06,2014-03-06,0,0,0,0,0,6,0,"""BBC Monitoring Africa,2014-03-07,Gunmen reportedly kill 30 people Nigeria's Benue State""",Gunmen reportedly kill 30 people Nigeria's Benue State,Mbawa village
163184,CHA-2014-2-455-6,2014,Fulani - Tiv,Fulani - Tiv,Fulani,Tiv,Benue state,Logo lga,7.48185,9.2948,2014-03-06,2014-03-06,0,0,0,0,0,6,0,"""BBC Monitoring Africa,2014-03-07,Gunmen reportedly kill 30 people Nigeria's Benue State""",Gunmen reportedly kill 30 people Nigeria's Benue State,Tombo village
163167,CHA-2014-2-455-4.1,2014,Fulani - Tiv,Fulani - Tiv,Fulani,Tiv,Benue state,Guma lga,7.96903,8.6355,2014-03-11,2014-03-11,0,0,0,0,0,4,0,"""All Africa,2014-03-12,30 Killed, Suswam's Convoy Attacked""","30 Killed, Suswam's Convoy Attacked",Ukpam village
163173,CHA-2014-2-455-4.2,2014,Fulani - Tiv,Fulani - Tiv,Fulani,Tiv,Benue state,Guma lga,7.91846,8.59469,2014-03-11,2014-03-11,0,0,0,0,0,5,0,"""All Africa,2014-03-12,30 Killed, Suswam's Convoy Attacked""","30 Killed, Suswam's Convoy Attacked",Daudu village
163174,CHA-2014-2-455-4.3,2014,Fulani - Tiv,Fulani - Tiv,Fulani,Tiv,Benue state,Guma lga,7.981381,8.762348,2014-03-11,2014-03-11,0,0,0,0,0,5,0,"""All Africa,2014-03-12,30 Killed, Suswam's Convoy Attacked""","30 Killed, Suswam's Convoy Attacked",Umenger village
129130,NIG-2014-2-455-4,2014,Fulani - Tiv,Fulani - Tiv,Fulani,Tiv,Benue state,Guma lga,7.96667,8.76667,2014-03-11,2014-03-11,0,0,0,0,0,16,0,"""All Africa,2014-03-12,30 Killed, Suswam's Convoy Attacked""","30 Killed, Suswam's Convoy Attacked","Tsekenyi, Kaseyo, Ukar and Uvir villages, Guma LGA"
129179,NIG-2014-2-455-5.1,2014,Fulani - Tiv,Fulani - Tiv,Fulani,Tiv,Benue state,Logo lga,7.68922,9.25049,2014-03-13,2014-03-13,0,8,0,0,8,8,8,"""All Africa,2014-03-14,Govt Deploys Security Forces to Benue As Herdsmen Kill 22 in Fresh Attacks""",Govt Deploys Security Forces to Benue As Herdsmen Kill 22 in Fresh Attacks,"Uza village, Logo LGA"
129180,NIG-2014-2-455-5.2,2014,Fulani - Tiv,Fulani - Tiv,Fulani,Tiv,Benue state,Logo lga,7.772936,9.130232,2014-03-13,2014-03-13,0,7,0,0,7,7,7,"""All Africa,2014-03-14,Govt Deploys Security Forces to Benue As Herdsmen Kill 22 in Fresh Attacks""",Govt Deploys Security Forces to Benue As Herdsmen Kill 22 in Fresh Attacks,"Ayillamo village, Logo LGA"
129181,NIG-2014-2-455-5.3,2014,Fulani - Tiv,Fulani - Tiv,Fulani,Tiv,Benue state,Logo lga,7.68922,9.25049,2014-03-13,2014-03-13,0,7,0,0,7,7,7,"""All Africa,2014-03-14,Govt Deploys Security Forces to Benue As Herdsmen Kill 22 in Fresh Attacks""",Govt Deploys Security Forces to Benue As Herdsmen Kill 22 in Fresh Attacks,"Ayinbe village, Logo LGA"
129196,NIG-2014-2-455-6,2014,Fulani - Tiv,Fulani - Tiv,Fulani,Tiv,Benue state,Guma lga,7.8155,8.8604,2014-03-23,2014-03-23,0,13,0,0,13,13,13,"""All Africa,2014-03-24,75 Killed in Benue, Borno, Plateau"";""Agence France Presse,2014-03-24,Gunmen kill 13 in central Nigeria village attack: police""","75 Killed in Benue, Borno, Plateau;Gunmen kill 13 in central Nigeria village attack: police",Gbajimba town
129207,NIG-2014-2-455-7,2014,Fulani - Tiv,Fulani - Tiv,Fulani,Tiv,Benue state,Gwer East lga,7.3,8.48333,2014-03-25,2014-03-25,0,7,0,0,7,60,7,"""Agence France Presse,2014-03-26,Seven killed in restive central Nigeria: police"";""Daily News,2014-03-27,Tiv/Fulani crisis: 60 feared dead in onslaught on a Gwer East villagef""",Seven killed in restive central Nigeria: police;Tiv/Fulani crisis: 60 feared dead in onslaught on a Gwer East villagef,"Agena village, Mbaalom District of Gwer East Local Government Area"
140608,NIG-2014-2-455-11,2014,Fulani - Tiv,Fulani - Tiv,Fulani,Tiv,Benue state,Gwer West lga,7.653429,8.381733,2014-04-12,2014-04-13,0,2,0,0,2,2,2,"""Terrorism Monitor, Volume XII, Issue 10  ,2014-05-16,Alleged Connection between Boko Haram and Nigeria’s Fulani Herdsmen Could Spark a Nigerian Civil War "";""BBC Monitoring Africa,2014-04-14,Suspected Boko Haram gunmen kill 38 in northeastern Nigeria""",Alleged Connection between Boko Haram and Nigeria’s Fulani Herdsmen Could Spark a Nigerian Civil War ;Suspected Boko Haram gunmen kill 38 in northeastern Nigeria,"Kula settlement, Gwer-West Local Council"
140649,NIG-2014-2-12341-3,2014,Agatu - Fulani,Agatu - Fulani,Agatu,Fulani,Benue state,Agatu lga,7.886747,7.913429,2014-04-15,2014-04-15,0,0,0,0,0,12,0,"""All Africa,2014-04-16,Attacks By Fulani Herdsmen Claim 21 Lives in Benue, Taraba""","Attacks By Fulani Herdsmen Claim 21 Lives in Benue, Taraba","Obagaji Town (near), Agatu LGA"
140650,CHA-2014-2-14009-3,2014,Fulani - Jukun,Fulani - Jukun,Fulani,Jukun,Taraba state,Wukari lga,7.85,9.783333,2014-04-15,2014-04-15,0,0,0,9,9,9,9,"""All Africa,2014-04-16,Attacks By Fulani Herdsmen Claim 21 Lives in Benue, Taraba"";""This Day Live,2014-04-17,Soldier, 34 Others Killed in Renewed Hausa, Jukun Clashes in Taraba""","Attacks By Fulani Herdsmen Claim 21 Lives in Benue, Taraba;Soldier, 34 Others Killed in Renewed Hausa, Jukun Clashes in Taraba",Nwokyo village (a suburb of Wukari)
140671,NIG-2014-2-14009-0,2014,Fulani - Jukun,Fulani - Jukun,Fulani,Jukun,Taraba state,,8.0,10.5,2014-04-22,2014-04-22,0,0,0,0,0,17,0,"""Agence France Presse,2014-04-23,Gunmen kill 17 in Nigeria village raid: police""",Gunmen kill 17 in Nigeria village raid: police,Kauyen-Yaku village
140734,CHA-2014-2-455-0,2014,Fulani - Tiv,Fulani - Tiv,Fulani,Tiv,Taraba state,Gassol lga,8.47269,10.5442,2014-05-11,2014-05-11,0,0,0,0,0,4,0,"""All Africa,2014-05-12,Insecurity - Four Killed in Taraba As Kaduna Imposes 24-Hour Curfew On Kachia LGA"";""9ja ACCESS,2014-05-14,Five Killed In Fresh Fulani Herdsmen Attack On Taraba Village"";""Daily Trust,2014-05-12,4 killed, 30 houses razed in renewed Taraba attack""","Insecurity - Four Killed in Taraba As Kaduna Imposes 24-Hour Curfew On Kachia LGA;Five Killed In Fresh Fulani Herdsmen Attack On Taraba Village;4 killed, 30 houses razed in renewed Taraba attack","Dinya village, Gassol LGA"
216287,CHA-2014-2-455-8,2014,Fulani - Tiv,Fulani - Tiv,Fulani,Tiv,Taraba state,Donga lga,7.64205,10.21043,2014-06-07,2014-06-08,0,7,0,0,7,7,7,"""Ekekeee,2014-06-09,7 Killed, Scores Injured, As Fulani Herdsmen, TIV Clash In Taraba""","7 Killed, Scores Injured, As Fulani Herdsmen, TIV Clash In Taraba",Ananum Village of Donga Local Council of Taraba State
143690,NIG-2014-2-455-13.1,2014,Fulani - Tiv,Fulani - Tiv,Fulani,Tiv,Taraba state,Bali lga,8.15541,10.96853,2014-07-05,2014-07-05,0,10,0,0,10,13,10,"""All Africa,2014-07-08,Gunmen Kill 45, Injure 95 in Taraba""","Gunmen Kill 45, Injure 95 in Taraba","Panwen, Bali LGA"
143687,NIG-2014-2-455-12.1,2014,Fulani - Tiv,Fulani - Tiv,Fulani,Tiv,Taraba state,Bali lga,8.15541,10.96853,2014-07-05,2014-07-05,0,3,0,0,3,3,3,"""All Africa,2014-07-08,Gunmen Kill 45, Injure 95 in Taraba""","Gunmen Kill 45, Injure 95 in Taraba","Suntai, Bali LGA"
143688,NIG-2014-2-455-12.2,2014,Fulani - Tiv,Fulani - Tiv,Fulani,Tiv,Taraba state,Bali lga,8.15541,10.96853,2014-07-05,2014-07-05,0,2,0,0,2,2,2,"""All Africa,2014-07-08,Gunmen Kill 45, Injure 95 in Taraba""","Gunmen Kill 45, Injure 95 in Taraba","Sabongida Zaga, Bali LGA"
143693,NIG-2014-2-455-13.2,2014,Fulani - Tiv,Fulani - Tiv,Fulani,Tiv,Taraba state,Bali lga,8.15541,10.96853,2014-07-05,2014-07-05,0,10,0,0,10,13,10,"""All Africa,2014-07-08,Gunmen Kill 45, Injure 95 in Taraba""","Gunmen Kill 45, Injure 95 in Taraba","Bashir, Bali LGA"
143694,NIG-2014-2-455-13.3,2014,Fulani - Tiv,Fulani - Tiv,Fulani,Tiv,Taraba state,Bali lga,8.15541,10.96853,2014-07-05,2014-07-05,0,10,0,0,10,12,10,"""All Africa,2014-07-08,Gunmen Kill 45, Injure 95 in Taraba""","Gunmen Kill 45, Injure 95 in Taraba","Gashaka, Bali LGA"
143695,NIG-2014-2-455-13.4,2014,Fulani - Tiv,Fulani - Tiv,Fulani,Tiv,Taraba state,Bali lga,8.15541,10.96853,2014-07-05,2014-07-05,0,10,0,0,10,12,10,"""All Africa,2014-07-08,Gunmen Kill 45, Injure 95 in Taraba""","Gunmen Kill 45, Injure 95 in Taraba","Barimini, Bali LGA"
163991,NIG-2014-2-12441-9,2014,Eggon - Fulani,Eggon - Fulani,Eggon,Fulani,Nasarawa state,Lafia lga,8.64007,8.69959,2014-08-16,2014-08-22,2,0,0,0,2,2,2,"""All Africa,2014-08-25,Two Killed, Scores Injured""","Two Killed, Scores Injured","Fadaman Bauna village, Lafia LGA"
144184,NIG-2014-2-14009-1,2014,Fulani - Jukun,Fulani - Jukun,Fulani,Jukun,Taraba state,Wukari lga,7.85,9.783333,2014-08-22,2014-08-24,0,0,0,13,13,13,13,"""Reuters News,2014-08-25,UPDATE 2-Boko Haram leader says ruling Nigerian town by Islamic law""",UPDATE 2-Boko Haram leader says ruling Nigerian town by Islamic law,"Wukari town, Adamawa state"
163992,NIG-2014-2-12441-10,2014,Eggon - Fulani,Eggon - Fulani,Eggon,Fulani,Nasarawa state,Lafia lga,8.71667,8.83333,2014-08-23,2014-08-23,0,2,0,0,2,3,2,"""All Africa,2014-08-25,Two Killed, Scores Injured"";""All Africa,2014-08-26,Nasarawa - 17 Killed, Scores Injured in Fresh Eggon, Fulani Clash""","Two Killed, Scores Injured;Nasarawa - 17 Killed, Scores Injured in Fresh Eggon, Fulani Clash","Alingani area of Fadaman Bauna, in Assakio, headquarters of the Lafia East Development Area of Nasarawa State"
163982,NIG-2014-2-12441-5,2014,Eggon - Fulani,Eggon - Fulani,Eggon,Fulani,Nasarawa state,Lafia lga,8.71667,8.83333,2014-08-24,2014-08-24,0,17,0,0,17,17,17,"""Boko Haram Chibok Girls and All Matters Nigeria Security,2015-04-15,P. 51""",P. 51,Alingani Fadaman Bauna in Lafia
163990,NIG-2014-2-12441-8,2014,Eggon - Fulani,Eggon - Fulani,Eggon,Fulani,Nasarawa state,Lafia lga,8.71667,8.83333,2014-08-24,2014-08-24,0,17,0,0,17,17,17,"""All Africa,2014-08-25,Two Killed, Scores Injured"";""All Africa,2014-08-26,Nasarawa - 17 Killed, Scores Injured in Fresh Eggon, Fulani Clash""","Two Killed, Scores Injured;Nasarawa - 17 Killed, Scores Injured in Fresh Eggon, Fulani Clash","Alingani area of Fadaman Bauna, in Assakio, headquarters of the Lafia East Development Area of Nasarawa State"
144186,NIG-2014-2-12441-0.1,2014,Eggon - Fulani,Eggon - Fulani,Eggon,Fulani,Nasarawa state,Lafia lga,8.6,8.85,2014-08-26,2014-08-27,15,0,0,0,15,15,15,"""BBC Monitoring Africa,2014-08-27,Death toll in clash between Nigerian communities rises to 30 - paper""",Death toll in clash between Nigerian communities rises to 30 - paper,"Gidan Gambo, Lafia East LGA"
144187,NIG-2014-2-12441-0.2,2014,Eggon - Fulani,Eggon - Fulani,Eggon,Fulani,Nasarawa state,Lafia lga,8.64007,8.69959,2014-08-26,2014-08-27,15,0,0,0,15,15,15,"""BBC Monitoring Africa,2014-08-27,Death toll in clash between Nigerian communities rises to 30 - paper""",Death toll in clash between Nigerian communities rises to 30 - paper,"Logobi (at Ikposogy), Lafia East LGA"
144188,NIG-2014-2-12441-1,2014,Eggon - Fulani,Eggon - Fulani,Eggon,Fulani,Nasarawa state,Lafia lga,8.45,8.53333,2014-08-26,2014-08-26,0,2,0,0,2,2,2,"""BBC Monitoring Africa,2014-08-27,Death toll in clash between Nigerian communities rises to 30 - paper""",Death toll in clash between Nigerian communities rises to 30 - paper,Agyaragu Tofa (on the outskirts of Lafia town)
144191,NIG-2014-2-12441-23,2014,Eggon - Fulani,Eggon - Fulani,Eggon,Fulani,Nasarawa state,Obi lga,8.34738,8.72769,2014-08-27,2014-08-27,0,0,0,0,0,40,0,"""All Africa,2014-08-28,Cameroon Troops Kill 30 Boko Haram Members"";""All Africa,2014-08-28,40 Killed in Renewed Fighting in Nasarawa"";""Reuters News,2014-08-28,At least 60 killed in central Nigeria communal battle - police""",Cameroon Troops Kill 30 Boko Haram Members;40 Killed in Renewed Fighting in Nasarawa;At least 60 killed in central Nigeria communal battle - police,Tudun Adabu
163993,NIG-2014-2-12441-11,2014,Eggon - Fulani,Eggon - Fulani,Eggon,Fulani,Nasarawa state,Nasarawa Eggon lga,8.74947,8.44035,2014-09-02,2014-09-02,45,0,0,0,45,45,45,"""BBC Monitoring Africa,2014-09-03,Forty-five feared killed in Nigeria attack in Nasarawa""",Forty-five feared killed in Nigeria attack in Nasarawa,"Kampani, Agbolagu and Fadama-Bona villages, Nassawara Eggon LGA"
163994,NIG-2014-2-12441-12,2014,Eggon - Fulani,Eggon - Fulani,Eggon,Fulani,Nasarawa state,Lafia lga,8.55,8.73333,2014-09-03,2014-09-03,6,0,0,0,6,31,6,"""All Africa,2014-09-04,Six Killed in Fresh Nasarawa Ethnic Clash"";""All Africa,2014-09-04,31 Killed in Fresh Nasarawa Attack""",Six Killed in Fresh Nasarawa Ethnic Clash;31 Killed in Fresh Nasarawa Attack,Gidan Mai-Akuya / Gidan Adamu Mai-Akuya (about 20 km from Lafia town)
163997,NIG-2014-2-12441-13,2014,Eggon - Fulani,Eggon - Fulani,Eggon,Fulani,Nasarawa state,Obi lga,8.34738,8.72769,2014-09-14,2014-09-14,1,0,0,0,1,1,1,"""All Africa,2014-09-15,Crisis Brews in Nasarawa Againcrisis Brews in Nasarawa Again""",Crisis Brews in Nasarawa Againcrisis Brews in Nasarawa Again,Ome community in Obi Local Government Area
144538,NIG-2014-2-14009-2,2014,Fulani - Jukun,Fulani - Jukun,Fulani,Jukun,Taraba state,Wukari lga,7.91667,10.06667,2014-09-14,2014-09-14,0,21,0,0,21,21,21,"""BBC Monitoring Africa,2014-09-15,Suspected Fulani herdsmen kill 20 in Nigeria's Taraba State""",Suspected Fulani herdsmen kill 20 in Nigeria's Taraba State,Tunari Village
144634,NIG-2014-2-12441-2,2014,Eggon - Fulani,Eggon - Fulani,Eggon,Fulani,Nasarawa state,Lafia lga,8.64007,8.69959,2014-09-22,2014-09-22,15,0,0,0,15,15,15,"""BBC Monitoring Africa,2014-09-24,Suspected Fulani herdsmen kill 15 in Nigeria's Nasarawa state""",Suspected Fulani herdsmen kill 15 in Nigeria's Nasarawa state,"Gidan Gambo village, Lafia East"
163999,NIG-2014-2-12441-14,2014,Eggon - Fulani,Eggon - Fulani,Eggon,Fulani,Nasarawa state,Lafia lga,8.57833,8.668333,2014-09-27,2014-09-28,3,0,0,0,3,3,3,"""Daily Trust,2014-09-29,MORE NASARAWA SETTLEMENTS HIT BY RENEWED CRISIS""",MORE NASARAWA SETTLEMENTS HIT BY RENEWED CRISIS,"Ashangwa, Lafia East"
164000,NIG-2014-2-12441-15,2014,Eggon - Fulani,Eggon - Fulani,Eggon,Fulani,Nasarawa state,Nasarawa Eggon lga,8.74947,8.44035,2014-09-27,2014-09-28,3,0,0,0,3,3,3,"""Daily Trust,2014-09-29,MORE NASARAWA SETTLEMENTS HIT BY RENEWED CRISIS""",MORE NASARAWA SETTLEMENTS HIT BY RENEWED CRISIS,"Arikya village, Nasarawa Eggon LGA"
155570,NIG-2014-2-455-14,2014,Fulani - Tiv,Fulani - Tiv,Fulani,Tiv,Benue state,Makurdi lga,7.787948,8.518014,2014-10-08,2014-10-08,0,2,0,0,2,2,2,"""All Africa,2014-10-13,How I Slaughtered Two Teenage Tiv Girls - Suspect""",How I Slaughtered Two Teenage Tiv Girls - Suspect,"Zongo village (near), Mabala Council Ward of Makurdi"
155603,CHA-2014-2-14009-0,2014,Fulani - Jukun,Fulani - Jukun,Fulani,Jukun,Taraba state,Wukari lga,7.910337,9.601728,2014-10-19,2014-10-19,0,27,0,0,27,27,27,"""All Africa,2014-10-20,14 Feared Killed in Taraba Village Attack"";""Taraba News Online,2014-10-19,Update:Fulani Herdsmen Attack Sondi and Gindin Waya Yesterday over 32 were killed."";""Spy Ghana,2014-10-20,Letter To CAN Secretariat: Seventh Attack On Wukari LGA Of Taraba State""",14 Feared Killed in Taraba Village Attack;Update:Fulani Herdsmen Attack Sondi and Gindin Waya Yesterday over 32 were killed.;Letter To CAN Secretariat: Seventh Attack On Wukari LGA Of Taraba State,Sondi village
162674,CHA-2014-2-14009-1,2014,Fulani - Jukun,Fulani - Jukun,Fulani,Jukun,Taraba state,Wukari lga,7.10154,10.76534,2014-10-19,2014-10-19,0,4,0,0,4,4,4,"""Taraba News Online,2014-10-19,Update:Fulani Herdsmen Attack Sondi and Gindin Waya Yesterday over 32 were killed."";""Spy Ghana,2014-10-20,Letter To CAN Secretariat: Seventh Attack On Wukari LGA Of Taraba State""",Update:Fulani Herdsmen Attack Sondi and Gindin Waya Yesterday over 32 were killed.;Letter To CAN Secretariat: Seventh Attack On Wukari LGA Of Taraba State,"Gindin Waya village, Wukari LGA"
162679,CHA-2014-2-14009-2,2014,Fulani - Jukun,Fulani - Jukun,Fulani,Jukun,Taraba state,Wukari lga,7.96327,9.84767,2014-10-19,2014-10-19,3,0,0,0,3,3,3,"""Taraba News Online,2014-10-19,Update:Fulani Herdsmen Attack Sondi and Gindin Waya Yesterday over 32 were killed."";""Spy Ghana,2014-10-20,Letter To CAN Secretariat: Seventh Attack On Wukari LGA Of Taraba State""",Update:Fulani Herdsmen Attack Sondi and Gindin Waya Yesterday over 32 were killed.;Letter To CAN Secretariat: Seventh Attack On Wukari LGA Of Taraba State,Wukari LGA
155664,NIG-2014-2-12441-3,2014,Eggon - Fulani,Eggon - Fulani,Eggon,Fulani,Nasarawa state,Lafia lga,8.64007,8.69959,2014-10-21,2014-10-21,0,0,0,0,0,2,0,"""BBC Monitoring Africa,2014-10-25,Suspected Fulani gunmen kill 20 in Nigeria's Nasarawa State""",Suspected Fulani gunmen kill 20 in Nigeria's Nasarawa State,"Bukan Allu village, Lafia LGA"
155663,NIG-2014-2-12441-17,2014,Eggon - Fulani,Eggon - Fulani,Eggon,Fulani,Nasarawa state,Lafia lga,8.64007,8.69959,2014-10-22,2014-10-23,0,0,0,0,0,19,0,"""BBC Monitoring Africa,2014-10-25,Suspected Fulani gunmen kill 20 in Nigeria's Nasarawa State""",Suspected Fulani gunmen kill 20 in Nigeria's Nasarawa State,Lafia LGA (Kompany community)
164001,NIG-2014-2-12441-16,2014,Eggon - Fulani,Eggon - Fulani,Eggon,Fulani,Nasarawa state,Lafia lga,8.64007,8.69959,2014-11-08,2014-11-08,32,0,0,0,32,39,32,"""Nigeria Tribune,2014-11-10,Again, Fulani herdsmen kill 32 in Nasarawa"";""All Africa,2014-11-10,Gunmen Kill 39 After Peace Summit in Nasarawa""","Again, Fulani herdsmen kill 32 in Nasarawa;Gunmen Kill 39 After Peace Summit in Nasarawa","Likygegba (Soni Arikya), Lafia East Development Area"
164017,NIG-2014-2-12441-22,2014,Eggon - Fulani,Eggon - Fulani,Eggon,Fulani,Nasarawa state,Lafia lga,8.64007,8.69959,2014-11-14,2014-11-14,15,0,0,0,15,15,15,"""Daily Trust,2014-11-17,Ombatse leader 'killed' in dawn raid""",Ombatse leader 'killed' in dawn raid,Fadaman Bauna village
164019,NIG-2014-2-12441-19.2,2014,Eggon - Fulani,Eggon - Fulani,Eggon,Fulani,Nasarawa state,Lafia lga,8.578333,8.668333,2014-11-16,2014-11-16,12,0,0,0,12,12,12,"""Daily Trust,2014-11-17,Ombatse leader 'killed' in dawn raid""",Ombatse leader 'killed' in dawn raid,Akura village
163984,NIG-2014-2-12441-7.1,2014,Eggon - Fulani,Eggon - Fulani,Eggon,Fulani,Nasarawa state,Lafia lga,8.64007,8.69959,2014-11-16,2014-11-16,0,0,0,0,0,12,0,"""Daily Trust,2014-11-17,Ombatse leader 'killed' in dawn raid""",Ombatse leader 'killed' in dawn raid,Fadaman Bauna village
163985,NIG-2014-2-12441-7.2,2014,Eggon - Fulani,Eggon - Fulani,Eggon,Fulani,Nasarawa state,Lafia lga,8.578333,8.668333,2014-11-16,2014-11-16,0,0,0,0,0,12,0,"""Daily Trust,2014-11-17,Ombatse leader 'killed' in dawn raid""",Ombatse leader 'killed' in dawn raid,Akura village
164012,NIG-2014-2-12441-18,2014,Eggon - Fulani,Eggon - Fulani,Eggon,Fulani,Nasarawa state,Lafia lga,8.56667,8.55,2014-11-16,2014-11-16,0,0,0,0,0,40,0,"""Daily Trust,2014-11-16,Fresh violence rocks Alakyo in Nasarawa state"";""Daily Trust,2014-11-17,Ombatse leader 'killed' in dawn raid""",Fresh violence rocks Alakyo in Nasarawa state;Ombatse leader 'killed' in dawn raid,Alakyo village (7 km from Shabu)
164026,NIG-2014-2-12441-20,2014,Eggon - Fulani,Eggon - Fulani,Eggon,Fulani,Nasarawa state,Keana lga,8.16746,8.76829,2014-11-22,2014-11-23,0,0,0,0,0,1,0,"""Daily Trust,2014-11-24,Fresh attacks in Nasarawa villages""",Fresh attacks in Nasarawa villages,Keana LGA
164027,NIG-2014-2-12441-21,2014,Eggon - Fulani,Eggon - Fulani,Eggon,Fulani,Nasarawa state,Doma lga,8.20323,8.30466,2014-11-22,2014-11-23,0,0,0,0,0,1,0,"""Daily Trust,2014-11-24,Fresh attacks in Nasarawa villages""",Fresh attacks in Nasarawa villages,Doma LGA
190731,NIG-2015-2-12341-0,2015,Agatu - Fulani,Agatu - Fulani,Agatu,Fulani,Benue state,Agatu lga,7.9061,7.85487,2015-01-25,2015-01-25,0,0,0,0,0,17,0,"""All Africa,2015-01-27,Suspected Herders Kill 17 in Benue""",Suspected Herders Kill 17 in Benue,Aeuede village of Agatu Local Government Area
216261,CHA-2015-2-14009-1,2015,Fulani - Jukun,Fulani - Jukun,Fulani,Jukun,Taraba state,Wukari lga,7.85,9.783333,2015-01-26,2015-01-26,0,27,0,0,27,27,27,"""unova.com,2015-01-31,27 feared killed, 80 injured in Taraba attack""","27 feared killed, 80 injured in Taraba attack","Nwonko village, Wukari LGA"
193291,CHA-2015-2-455-0,2015,Fulani - Tiv,Fulani - Tiv,Fulani,Tiv,Benue state,Ukum lga,7.629936,9.645133,2015-02-10,2015-02-10,0,0,0,0,0,5,0,"""BBC Monitoring Africa,2015-02-13,Suspected Fulani herdsmen launch more attacks in Nigeria, kill 10""","Suspected Fulani herdsmen launch more attacks in Nigeria, kill 10",Ukum lga
193292,NIG-2015-2-12341-1,2015,Agatu - Fulani,Agatu - Fulani,Agatu,Fulani,Benue state,Agatu lga,7.9061,7.85487,2015-02-10,2015-02-10,0,0,0,0,0,5,0,"""BBC Monitoring Africa,2015-02-13,Suspected Fulani herdsmen launch more attacks in Nigeria, kill 10""","Suspected Fulani herdsmen launch more attacks in Nigeria, kill 10",Agatu lga
216264,CHA-2015-2-455-3,2015,Fulani - Tiv,Fulani - Tiv,Fulani,Tiv,Benue state,Logo lga,7.68922,9.25049,2015-03-07,2015-03-10,0,5,0,0,5,5,5,"""Benue News,2015-03-11,Five killed in Benue Fulani attack""",Five killed in Benue Fulani attack,"Jootar community in Ukemberagya/ Twarev council ward, Logo LGA"
193592,NIG-2015-2-12341-3,2015,Agatu - Fulani,Agatu - Fulani,Agatu,Fulani,Nasarawa state,Nasarawa lga,7.99895,7.84062,2015-03-09,2015-03-14,0,2,0,0,2,2,2,"""Daily Trust,2015-03-16,Suspected herders kill over 60 in Agatu

AU 	
Hope Abah"";""All Africa,2015-03-16,Suspected Herders Kill Over 60 in Agatu

AU 	
Hope Abah""","Suspected herders kill over 60 in Agatu

AU 	
Hope Abah;Suspected Herders Kill Over 60 in Agatu

AU 	
Hope Abah",Loko town
193586,NIG-2015-2-12341-2,2015,Agatu - Fulani,Agatu - Fulani,Agatu,Fulani,Benue state,Agatu lga,7.879744,7.959716,2015-03-15,2015-03-15,82,0,0,0,82,82,82,"""The Guardian,2015-04-19,AGAIN, CLASH CLAIMS 45 LIVES IN BENUE"";""All Africa,2015-03-16,Troops Battle Insurgents for Damasak As Gunmen Kill 90 in Agatu"";""Agence France Presse,2015-03-15,45 villagers killed by suspected herdsmen in central Nigeria: police"";""Agence France Presse,2015-03-17,Death toll in central Nigeria clashes rises to 82: police""","AGAIN, CLASH CLAIMS 45 LIVES IN BENUE;Troops Battle Insurgents for Damasak As Gunmen Kill 90 in Agatu;45 villagers killed by suspected herdsmen in central Nigeria: police;Death toll in central Nigeria clashes rises to 82: police","Egba village, Agatu LGA"
216288,CHA-2015-2-455-4,2015,Fulani - Tiv,Fulani - Tiv,Fulani,Tiv,Taraba state,Donga lga,7.64205,10.21043,2015-03-23,2015-03-23,0,5,0,0,5,5,5,"""Nigeria Watch IBD005270,2015-03-23,Fulani Herdsmen Attack, Taraba""","Fulani Herdsmen Attack, Taraba","Ananum village, Donga LGA"
216289,CHA-2015-2-455-5,2015,Fulani - Tiv,Fulani - Tiv,Fulani,Tiv,Benue state,Logo lga,7.68922,9.25049,2015-03-31,2015-03-31,0,12,0,0,12,12,12,"""Nigeria Watch IBD005347,2015-03-31,Fulani Herdsmen, Benue""","Fulani Herdsmen, Benue","Tse Tume and Agaraga villages, Logo LGA"
216388,CHA-2015-2-455-6,2015,Fulani - Tiv,Fulani - Tiv,Fulani,Tiv,Benue state,Guma lga,7.96667,8.76667,2015-04-01,2015-04-25,2,0,0,0,2,2,2,"""Bode Dolu Blog,2015-04-27,Fulani attackers kill 30 in Benue, Nasarawa""","Fulani attackers kill 30 in Benue, Nasarawa",along the Udei-Daudu Road in Benue State
194236,CHA-2015-2-5583-0,2015,Fulani - Tiv,Fulani - Tiv,Fulani,Tiv,Benue state,Logo lga,7.68922,9.25049,2015-04-02,2015-04-02,0,0,0,0,0,30,0,"""BBC Monitoring Africa,2015-04-03,Suspected Fulani gunmen kill 30 people in Nigeria's Gaamber Tyev region""",Suspected Fulani gunmen kill 30 people in Nigeria's Gaamber Tyev region,"Kurungu, Tse Vir, Abur and Ageraga communities of Gaamber Tyev in Logo local government area"
194346,CHA-2015-2-455-1,2015,Fulani - Tiv,Fulani - Tiv,Fulani,Tiv,Benue state,Guma lga,7.96667,8.76667,2015-04-25,2015-04-25,0,10,0,0,10,10,10,"""BBC Monitoring Africa,2015-04-27,Some 12 people die in clash between Fulani, Tiv farmers in Nigeria's Benue State""","Some 12 people die in clash between Fulani, Tiv farmers in Nigeria's Benue State","Tse Uosu, Gbudu and Branch Umenge, Mbadwem district, Guma lga"
195169,CHA-2015-2-5583-1,2015,Fulani - Tiv,Fulani - Tiv,Fulani,Tiv,Benue state,Logo lga,7.68922,9.25049,2015-05-23,2015-05-24,0,23,0,0,23,23,23,"""Agence France Presse,2015-05-26,Suspected Fulani herdsmen kill at least 23 in central Nigeria: police"";""All Africa,2015-05-27,Herdsmen Vent Venom On Benue""",Suspected Fulani herdsmen kill at least 23 in central Nigeria: police;Herdsmen Vent Venom On Benue,"Ukura, Gafa, Per, Tse-Gusa, Logo local government area"
195457,CHA-2015-2-360-0,2015,Fulani - Tarok,Fulani - Tarok,Fulani,Tarok,Plateau state,Kanam lga,9.54882,10.09733,2015-06-05,2015-06-07,0,0,0,0,0,2,0,"""All Africa,2015-06-08,Fulani Herdsmen Sack 17 Plateau Villages""",Fulani Herdsmen Sack 17 Plateau Villages,between Bululu and Yiplack community in Kanam local government council of Plateau State
195739,CHA-2015-2-14009-0,2015,Fulani - Jukun,Fulani - Jukun,Fulani,Jukun,Taraba state,Wukari lga,7.910337,9.601728,2015-06-17,2015-06-17,0,0,0,0,0,8,0,"""Agence France Presse,2015-06-18,Eight dead in Nigeria farm attack: police""",Eight dead in Nigeria farm attack: police,Sondi village
216655,CHA-2015-2-455-7.1,2015,Fulani - Tiv,Fulani - Tiv,Fulani,Tiv,Taraba state,Ibi lga,8.238208,9.696992,2015-09-15,2015-09-15,1,0,0,4,5,5,5,"""Nigeria Watch IBD006710,2015-09-15,Fulani Vs Tiv, Taraba""","Fulani Vs Tiv, Taraba","Serkin Gudu and Dooshima Villages, Ibi LGA"
216659,CHA-2015-2-455-7.2,2015,Fulani - Tiv,Fulani - Tiv,Fulani,Tiv,Taraba state,Ibi lga,8.35088,9.88731,2015-09-15,2015-09-15,0,0,0,5,5,5,5,"""Nigeria Watch IBD006710,2015-09-15,Fulani Vs Tiv, Taraba""","Fulani Vs Tiv, Taraba","Serkin Gudu village, Ibi LGA"
206501,CHA-2015-2-455-2,2015,Fulani - Tiv,Fulani - Tiv,Fulani,Tiv,Taraba state,Wukari lga,7.96327,9.84767,2015-10-21,2015-10-21,0,0,0,0,0,5,0,"""All Africa,2015-10-22,Troops Kill 150 Boko Haram Insurgents in Adamawa""",Troops Kill 150 Boko Haram Insurgents in Adamawa,"KatanKa Village, Wukari LGA"
216236,NIG-2015-2-12341-5,2015,Agatu - Fulani,Agatu - Fulani,Agatu,Fulani,Benue state,Agatu lga,7.879744,7.959716,2015-11-15,2015-11-15,81,0,0,0,81,81,30,"""All Africa,2016-02-23,Nigeria: Taming Marauding Fulani Herdsmen""",Nigeria: Taming Marauding Fulani Herdsmen,"Egba village, Agatu LGAA"
216676,NIG-2015-2-12341-6,2015,Agatu - Fulani,Agatu - Fulani,Agatu,Fulani,Nasarawa state,Nasarawa lga,8.26937,7.59744,2015-12-29,2015-12-29,0,1,0,0,1,1,1,"""Nigeria Watch IBD007536,2015-12-29,Herdsmen vs Farmers, Nasarawa""","Herdsmen vs Farmers, Nasarawa","Udeni Ruwa district, Nasarawa LGA"
218816,NIG-2016-2-12341-0,2016,Agatu - Fulani,Agatu - Fulani,Agatu,Fulani,Nasarawa state,Toto lga,8.2502,7.19827,2016-01-03,2016-01-03,2,0,0,0,2,10,2,"""All Africa,2016-01-11,Police Deployed to Nasarawa Villages After Sunday Bloodbath""",Police Deployed to Nasarawa Villages After Sunday Bloodbath,Udeni Ruwa District in Nasarawa-Toto Local Government Area of Nasarawa State
231612,NIG-2016-2-12341-5,2016,Agatu - Fulani,Agatu - Fulani,Agatu,Fulani,Nasarawa state,Nasarawa lga,8.26937,7.59744,2016-01-14,2016-01-14,0,0,0,30,30,40,30,"""Vox Peccavi,2016-01-31,Situation Enemy Forces"";""Nigeria Watch IBD007631,2016-01-14,Fulani Herdsmen Attack, Nasarawa""","Situation Enemy Forces;Fulani Herdsmen Attack, Nasarawa","ODENI MAGAJI Village, NASARAWA LGA, NASARAWA State"
236108,NIG-2016-2-12341-8,2016,Agatu - Fulani,Agatu - Fulani,Agatu,Fulani,Benue state,Agatu lga,7.872,8.00833,2016-01-20,2016-01-25,3,0,0,0,3,3,3,"""All Africa,2016-03-21,Special Report - Inside the Agatu Killing Field: Blood On the Streets, Charred Bodies Everywhere""","Special Report - Inside the Agatu Killing Field: Blood On the Streets, Charred Bodies Everywhere",Aila village
235968,NIG-2016-2-12341-6,2016,Agatu - Fulani,Agatu - Fulani,Agatu,Fulani,Benue state,Agatu lga,7.9061,7.85487,2016-02-01,2016-02-01,0,0,0,10,10,10,10,"""Nigeria Watch IBD007725,2016-02-01,Farmers vs Fulani Herdsmen, Benue""","Farmers vs Fulani Herdsmen, Benue","Ega, Adapti Island"
235921,CHA-2016-2-455-17,2016,Fulani - Tiv,Fulani - Tiv,Fulani,Tiv,Benue state,Buruku lga,7.47121,9.19473,2016-02-06,2016-02-06,0,0,0,12,12,12,12,"""Nigeria Watch IBD007762,2016-02-06,Fulani Herdsmen Vs Tiv , Benue""","Fulani Herdsmen Vs Tiv , Benue","Tom Anyiin and Tom Ataan communities in Mbaya Tombu village, Bukuru LGA"
218899,NIG-2016-2-12341-1.1,2016,Agatu - Fulani,Agatu - Fulani,Agatu,Fulani,Benue state,Agatu lga,7.8677,8.0949,2016-02-11,2016-02-11,0,0,2,0,2,2,2,"""All Africa,2016-02-15,Again, Gunmen Kill Six in Agatu"";""All Africa,2016-03-21,Special Report - Inside the Agatu Killing Field: Blood On the Streets, Charred Bodies Everywhere""","Again, Gunmen Kill Six in Agatu;Special Report - Inside the Agatu Killing Field: Blood On the Streets, Charred Bodies Everywhere",Okokolo village
218900,NIG-2016-2-12341-1.2,2016,Agatu - Fulani,Agatu - Fulani,Agatu,Fulani,Benue state,Agatu lga,7.955671,7.964322,2016-02-11,2016-02-11,2,0,0,0,2,2,2,"""All Africa,2016-02-15,Again, Gunmen Kill Six in Agatu""","Again, Gunmen Kill Six in Agatu",Ologba Utukolugwu village
218901,NIG-2016-2-12341-1.3,2016,Agatu - Fulani,Agatu - Fulani,Agatu,Fulani,Benue state,Agatu lga,7.966016,7.823497,2016-02-11,2016-02-11,2,0,0,0,2,2,2,"""All Africa,2016-02-15,Again, Gunmen Kill Six in Agatu""","Again, Gunmen Kill Six in Agatu",Oweto village
218914,NIG-2016-2-12341-3.1,2016,Agatu - Fulani,Agatu - Fulani,Agatu,Fulani,Benue state,Agatu lga,7.8677,8.0949,2016-02-20,2016-02-25,17,0,0,0,17,50,17,"""BBC Monitoring Africa,2016-02-26,Suspected Fulani herdsmen reportedly kill 300 people in Nigeria's Benue State"";""All Africa,2016-02-26,House, Mark Condemn Atagu Killings as Death Toll Hits 100""","Suspected Fulani herdsmen reportedly kill 300 people in Nigeria's Benue State;House, Mark Condemn Atagu Killings as Death Toll Hits 100",Okokolo village
218915,NIG-2016-2-12341-3.2,2016,Agatu - Fulani,Agatu - Fulani,Agatu,Fulani,Benue state,Apa lga,7.65321,7.8841,2016-02-20,2016-02-25,17,0,0,0,17,50,17,"""All Africa,2016-02-26,House, Mark Condemn Atagu Killings as Death Toll Hits 100"";""BBC Monitoring Africa,2016-02-26,Suspected Fulani herdsmen reportedly kill 300 people in Nigeria's Benue State""","House, Mark Condemn Atagu Killings as Death Toll Hits 100;Suspected Fulani herdsmen reportedly kill 300 people in Nigeria's Benue State",Ugboku village
218916,NIG-2016-2-12341-3.3,2016,Agatu - Fulani,Agatu - Fulani,Agatu,Fulani,Benue state,Agatu lga,7.87311,8.04485,2016-02-20,2016-02-25,17,0,0,0,17,50,17,"""BBC Monitoring Africa,2016-02-26,Suspected Fulani herdsmen reportedly kill 300 people in Nigeria's Benue State"";""All Africa,2016-02-26,House, Mark Condemn Atagu Killings as Death Toll Hits 100""","Suspected Fulani herdsmen reportedly kill 300 people in Nigeria's Benue State;House, Mark Condemn Atagu Killings as Death Toll Hits 100",Adagbo village
218917,NIG-2016-2-12341-3.4,2016,Agatu - Fulani,Agatu - Fulani,Agatu,Fulani,Benue state,Agatu lga,7.89777,8.1134,2016-02-20,2016-02-25,17,0,0,0,17,50,17,"""All Africa,2016-02-26,House, Mark Condemn Atagu Killings as Death Toll Hits 100"";""BBC Monitoring Africa,2016-02-26,Suspected Fulani herdsmen reportedly kill 300 people in Nigeria's Benue State""","House, Mark Condemn Atagu Killings as Death Toll Hits 100;Suspected Fulani herdsmen reportedly kill 300 people in Nigeria's Benue State",Ocholonya village
218918,NIG-2016-2-12341-3.5,2016,Agatu - Fulani,Agatu - Fulani,Agatu,Fulani,Benue state,Agatu lga,7.86896,8.06156,2016-02-20,2016-02-25,16,0,0,0,16,50,16,"""BBC Monitoring Africa,2016-02-26,Suspected Fulani herdsmen reportedly kill 300 people in Nigeria's Benue State"";""All Africa,2016-02-26,House, Mark Condemn Atagu Killings as Death Toll Hits 100""","Suspected Fulani herdsmen reportedly kill 300 people in Nigeria's Benue State;House, Mark Condemn Atagu Killings as Death Toll Hits 100",Akwu village
218919,NIG-2016-2-12341-3.6,2016,Agatu - Fulani,Agatu - Fulani,Agatu,Fulani,Benue state,Agatu lga,7.872,8.00833,2016-02-20,2016-02-25,16,0,0,0,16,50,16,"""All Africa,2016-02-26,House, Mark Condemn Atagu Killings as Death Toll Hits 100"";""BBC Monitoring Africa,2016-02-26,Suspected Fulani herdsmen reportedly kill 300 people in Nigeria's Benue State""","House, Mark Condemn Atagu Killings as Death Toll Hits 100;Suspected Fulani herdsmen reportedly kill 300 people in Nigeria's Benue State",Aila village
235972,CHA-2016-2-5583-0,2016,Fulani - Tiv,Fulani - Tiv,Fulani,Tiv,Benue state,Buruku lga,7.36534,9.26074,2016-03-04,2016-03-04,0,6,0,0,6,6,6,"""Nigeria Watch IBD008054,2016-03-04,Fulani Herdsmen Killing, Benue""","Fulani Herdsmen Killing, Benue",Buruku
218966,CHA-2016-2-5583-1,2016,Fulani - Tiv,Fulani - Tiv,Fulani,Tiv,Benue state,Logo lga,7.68922,9.25049,2016-03-08,2016-03-08,0,8,0,0,8,8,8,"""ICR,2016-03-12,Massacre in Nigeria"";""BBC Monitoring Africa,2016-03-09,Suspected Fulani herdsmen reportedly kill eight persons in Nigeria's Benue State""",Massacre in Nigeria;Suspected Fulani herdsmen reportedly kill eight persons in Nigeria's Benue State,"Tse Chia, Tse Nhumbe, Deghkia and Ngorukgan, Logo LGA"
235976,CHA-2016-2-455-21,2016,Fulani - Tiv,Fulani - Tiv,Fulani,Tiv,Benue state,Logo lga,7.68922,9.25049,2016-03-10,2016-03-10,0,3,0,0,3,3,3,"""Nigeria Watch IBD007992,2016-03-10,Farmers/ Herders Clash, Benue"";""Scan News,2016-03-11,Again, Fulani herdsmen raid 5 Benue LGs, kill 11""","Farmers/ Herders Clash, Benue;Again, Fulani herdsmen raid 5 Benue LGs, kill 11","Uwev Gov, Gaambe"
235975,NIG-2016-2-12341-7,2016,Agatu - Fulani,Agatu - Fulani,Agatu,Fulani,Benue state,Agatu lga,7.886747,7.913429,2016-03-10,2016-03-10,3,0,0,0,3,3,3,"""Nigeria Watch IBD007994,2016-03-10,Fulani Herdsmen, Benue""","Fulani Herdsmen, Benue","Obagaji, FADAMA area"
226172,CHA-2016-2-455-0,2016,Fulani - Tiv,Fulani - Tiv,Fulani,Tiv,Benue state,Buruku lga,7.47121,9.19473,2016-03-17,2016-03-17,0,7,0,0,7,15,7,"""BBC Monitoring Africa,2016-03-19,Suspected Fulani herdsmen invade southern Nigeria village, said kill 15"";""Africa Research Bulletin,2016-04-07,NIGERIA: Army ‘Has the Measure’ of Boko Haram""","Suspected Fulani herdsmen invade southern Nigeria village, said kill 15;NIGERIA: Army ‘Has the Measure’ of Boko Haram","Tombo, Buruku LGA, Benue state"
235998,CHA-2016-2-455-22,2016,Fulani - Tiv,Fulani - Tiv,Fulani,Tiv,Taraba state,Gassol lga,8.47269,10.5442,2016-05-07,2016-05-07,0,12,0,0,12,12,12,"""Information Nigeria,2016-05-08,Fulani Herdsmen Attack Coromo In Taraba State, Kill 12"";""Nigeria watch IBD008499,2016-05-07,Fulani Herdsmen Attack, Taraba""","Fulani Herdsmen Attack Coromo In Taraba State, Kill 12;Fulani Herdsmen Attack, Taraba",Coromo village
226506,CHA-2016-2-455-1,2016,Fulani - Tiv,Fulani - Tiv,Fulani,Tiv,Benue state,Buruku lga,7.48724,9.23692,2016-05-13,2016-05-13,0,5,0,0,5,60,5,"""All Africa,2016-05-16,Herdsmen Attack - We Killed Because Tiv Youths Stole 800 of Our Cows - Fulani Spokesman"";""BBC Monitoring Africa,2016-05-17,Nigeria herdsmen attack death toll rises to 60 - Benue governor""",Herdsmen Attack - We Killed Because Tiv Youths Stole 800 of Our Cows - Fulani Spokesman;Nigeria herdsmen attack death toll rises to 60 - Benue governor,Agwabi (Tarfi) village in Binev Council Ward in Buruku Local Government Are
235927,CHA-2016-2-455-18.2,2016,Fulani - Tiv,Fulani - Tiv,Fulani,Tiv,Benue state,Ukum lga,7.72399,9.59998,2016-05-30,2016-05-30,0,5,0,0,5,5,5,"""Nigeria Watch IBD008698,2016-05-30,Fulani Herdsmen vs Tiv , Benue""","Fulani Herdsmen vs Tiv , Benue","Tse Ankyou, Ukum LGA"
235924,CHA-2016-2-455-18.1,2016,Fulani - Tiv,Fulani - Tiv,Fulani,Tiv,Benue state,Ukum lga,7.59649,9.70555,2016-05-30,2016-05-30,0,5,0,0,5,5,5,"""Nigeria Watch IBD008698,2016-05-30,Fulani Herdsmen vs Tiv , Benue""","Fulani Herdsmen vs Tiv , Benue","Tse Aondo, Ukum LGA"
236002,NIG-2016-2-12441-0,2016,Eggon - Fulani,Eggon - Fulani,Eggon,Fulani,Nasarawa state,Kokona lga,8.85559,8.06111,2016-06-01,2016-06-01,1,0,0,0,1,1,1,"""Nigeria Watch IBD008761,2016-06-01,Fulani Herdsman vs Farmer, Nasarawa""","Fulani Herdsman vs Farmer, Nasarawa",Bassa village
235926,CHA-2016-2-455-19,2016,Fulani - Tiv,Fulani - Tiv,Fulani,Tiv,Benue state,Ukum lga,7.629936,9.645133,2016-06-05,2016-06-05,0,15,0,0,15,31,15,"""Nigeria Watch IBD008722,2016-06-05,Fulani Herdsmen vs Farmers, Benue""","Fulani Herdsmen vs Farmers, Benue","Igbogom community, Tsaav ward, Ukum LGA"
226737,CHA-2016-2-455-6,2016,Fulani - Tiv,Fulani - Tiv,Fulani,Tiv,Benue state,Logo lga,7.68922,9.25049,2016-06-18,2016-06-18,0,0,0,6,6,6,6,"""All Africa,2016-06-22,Gunmen Kill Eight in Benue""",Gunmen Kill Eight in Benue,"Gabo, Nenzev and Turan council wards of Logo"
226728,CHA-2016-2-455-2,2016,Fulani - Tiv,Fulani - Tiv,Fulani,Tiv,Benue state,Logo lga,7.81875,9.24534,2016-06-21,2016-06-21,0,3,0,0,3,3,3,"""All Africa,2016-06-22,Gunmen Kill Eight in Benue"";""Daily Post,2016-06-23,Benue boils again as Fulani herdsmen kill 13 in Tiv communities""",Gunmen Kill Eight in Benue;Benue boils again as Fulani herdsmen kill 13 in Tiv communities,"Anyiin village, Logo LGA"
226729,CHA-2016-2-455-3,2016,Fulani - Tiv,Fulani - Tiv,Fulani,Tiv,Benue state,Logo lga,7.76143,9.08752,2016-06-21,2016-06-21,0,1,0,0,1,1,1,"""Daily Post,2016-06-23,Benue boils again as Fulani herdsmen kill 13 in Tiv communities"";""All Africa,2016-06-22,Gunmen Kill Eight in Benue""",Benue boils again as Fulani herdsmen kill 13 in Tiv communities;Gunmen Kill Eight in Benue,"Uzer village, Logo LGA"
226730,CHA-2016-2-455-4,2016,Fulani - Tiv,Fulani - Tiv,Fulani,Tiv,Taraba state,Wukari lga,7.8878,9.55641,2016-06-21,2016-06-21,0,4,0,0,4,4,4,"""All Africa,2016-06-22,Gunmen Kill Eight in Benue"";""Daily Post,2016-06-23,Benue boils again as Fulani herdsmen kill 13 in Tiv communities""",Gunmen Kill Eight in Benue;Benue boils again as Fulani herdsmen kill 13 in Tiv communities,"Vaase community, Ukum LGA"
226734,CHA-2016-2-455-5,2016,Fulani - Tiv,Fulani - Tiv,Fulani,Tiv,Taraba state,Wukari lga,7.84479,9.20169,2016-06-21,2016-06-21,0,5,0,0,5,5,5,"""Daily Post,2016-06-23,Benue boils again as Fulani herdsmen kill 13 in Tiv communities""",Benue boils again as Fulani herdsmen kill 13 in Tiv communities,Tsukwa village
226870,CHA-2016-2-455-7.1,2016,Fulani - Tiv,Fulani - Tiv,Fulani,Tiv,Benue state,Ukum lga,7.629936,9.645133,2016-06-27,2016-07-11,0,0,0,41,41,40,41,"""Agence France Presse,2016-07-11,Herders kill 'scores' in central Nigeria: authorities""",Herders kill 'scores' in central Nigeria: authorities,Ukum LGA
236103,CHA-2016-2-455-7.2,2016,Fulani - Tiv,Fulani - Tiv,Fulani,Tiv,Benue state,Logo lga,7.68922,9.25049,2016-06-27,2016-07-11,0,0,0,40,40,41,40,"""Agence France Presse,2016-07-11,Herders kill 'scores' in central Nigeria: authorities""",Herders kill 'scores' in central Nigeria: authorities,Logo and Ukum LGA
226873,CHA-2016-2-455-8,2016,Fulani - Tiv,Fulani - Tiv,Fulani,Tiv,Benue state,Logo lga,7.68922,9.25049,2016-07-09,2016-07-09,0,2,0,0,2,2,2,"""All Africa,2016-07-12,Gunmen Kill 10 in Benue""",Gunmen Kill 10 in Benue,"Chembe settlement, Logo LGA"
226874,CHA-2016-2-455-9,2016,Fulani - Tiv,Fulani - Tiv,Fulani,Tiv,Benue state,Logo lga,7.68922,9.25049,2016-07-10,2016-07-10,0,1,0,0,1,1,1,"""All Africa,2016-07-12,Gunmen Kill 10 in Benue""",Gunmen Kill 10 in Benue,Mbawar village
226875,CHA-2016-2-455-10,2016,Fulani - Tiv,Fulani - Tiv,Fulani,Tiv,Benue state,Logo lga,7.68922,9.25049,2016-07-11,2016-07-11,0,2,0,0,2,2,2,"""All Africa,2016-07-12,Gunmen Kill 10 in Benue""",Gunmen Kill 10 in Benue,Logo LGA
226951,CHA-2016-2-455-11,2016,Fulani - Tiv,Fulani - Tiv,Fulani,Tiv,Benue state,Logo lga,7.68922,9.25049,2016-07-25,2016-07-25,0,10,0,0,10,10,10,"""All Africa,2016-07-26,10 Feared Killed By Herdsmen in Benue""",10 Feared Killed By Herdsmen in Benue,"Adayohor village (Tse-Adayol) along Uver-Gov Sevav Road, Gaambe-Tiev, Logo LGA"
234864,CHA-2016-2-455-12,2016,Fulani - Tiv,Fulani - Tiv,Fulani,Tiv,Taraba state,Gassol lga,8.47269,10.5442,2016-12-17,2016-12-17,2,0,0,0,2,2,2,"""All Africa,2016-12-19,20 Feared Killed in Taraba Ethnic Clash""",20 Feared Killed in Taraba Ethnic Clash,Gassol Local Government Area of Taraba State
234865,CHA-2016-2-455-13,2016,Fulani - Tiv,Fulani - Tiv,Fulani,Tiv,Taraba state,Gassol lga,8.23331,10.39236,2016-12-18,2016-12-18,0,12,0,0,12,12,12,"""All Africa,2016-12-19,20 Feared Killed in Taraba Ethnic Clash""",20 Feared Killed in Taraba Ethnic Clash,Dan Anacha town
234866,CHA-2016-2-455-14,2016,Fulani - Tiv,Fulani - Tiv,Fulani,Tiv,Taraba state,Gassol lga,8.23331,10.39236,2016-12-18,2016-12-18,0,4,0,0,4,4,4,"""All Africa,2016-12-19,20 Feared Killed in Taraba Ethnic Clash""",20 Feared Killed in Taraba Ethnic Clash,Dan Anacha (the Borno-Kruku road on the outskirts of)
234867,CHA-2016-2-455-15,2016,Fulani - Tiv,Fulani - Tiv,Fulani,Tiv,Taraba state,Gassol lga,8.47269,10.5442,2016-12-18,2016-12-18,0,2,0,0,2,2,2,"""All Africa,2016-12-19,20 Feared Killed in Taraba Ethnic Clash""",20 Feared Killed in Taraba Ethnic Clash,Gassol LGA
234868,CHA-2016-2-455-16,2016,Fulani - Tiv,Fulani - Tiv,Fulani,Tiv,Taraba state,Gassol lga,8.47269,10.5442,2016-12-19,2016-12-19,0,0,0,11,11,11,11,"""All Africa,2016-12-20,Taraba - Death Toll Hits 31 As Fulani, Tiv Crisis Escalates""","Taraba - Death Toll Hits 31 As Fulani, Tiv Crisis Escalates",Salon Gida Ward and Nanguru in Gassol Local Government
240887,CHA-2017-2-12342-0,2017,Fulani - Idoma,Fulani - Idoma,Fulani,Idoma,Benue state,Okpokwu lga,7.08515,7.91751,2017-01-03,2017-01-03,0,5,0,0,5,5,5,"""Nigeria Watch,2017-01-03,Herdsmen vs Farmers, Benue""","Herdsmen vs Farmers, Benue","Okpale Ogege, Okpokwu LGA"
237244,NIG-2017-2-12341-1,2017,Agatu - Fulani,Agatu - Fulani,Agatu,Fulani,Benue state,Ohimini lga,7.242532,7.843158,2017-01-23,2017-01-23,13,2,0,0,15,15,15,"""All Africa,2017-01-24,Many Feared Dead in Fresh Herdsmen Attack On Benue Village"";""Vangurad,2017-01-24,15 die, as farmers clash with herdsmen in Benue ""","Many Feared Dead in Fresh Herdsmen Attack On Benue Village;15 die, as farmers clash with herdsmen in Benue",Ipiga village in Ohimini local government area of Benue State.
240921,CHA-2017-2-5583-9,2017,Fulani - Tiv,Fulani - Tiv,Fulani,Tiv,Benue state,Gwer East lga,7.3,8.48333,2017-02-24,2017-02-24,1,4,0,0,5,10,5,"""Nigeria Watch,2017-02-24,Fulani Herdsmen Attack, Benue"";""The Sun,2017-03-02,10 feared killed in renewed herdsmen, farmers clash in Benue""","Fulani Herdsmen Attack, Benue;10 feared killed in renewed herdsmen, farmers clash in Benue","Mbahimin, Gwer East LGA"
237398,CHA-2017-2-5583-0,2017,Fulani - Tiv,Fulani - Tiv,Fulani,Tiv,Benue state,Buruku lga,7.36534,9.26074,2017-03-11,2017-03-12,0,6,0,0,6,8,6,"""All Africa,2017-03-14,Governor Orders Herdsmen Out of Benue Town After Six Killed in Fresh Attack"";""All Africa,2017-03-13,Two Herdsmen Killed in Southern Kaduna, Group Threatens Reprisal Attack""","Governor Orders Herdsmen Out of Benue Town After Six Killed in Fresh Attack;Two Herdsmen Killed in Southern Kaduna, Group Threatens Reprisal Attack","Tombo-Mbalagh, Buruku Local Government Area, Benue

Mkovughur village in Buruku local council"
237689,CHA-2017-2-5583-6,2017,Fulani - Tiv,Fulani - Tiv,Fulani,Tiv,Benue state,Kwande lga,6.80099,9.47021,2017-04-02,2017-04-02,0,0,0,4,4,4,4,"""All Africa,2017-04-04,Two Killed As Suspected Herdsmen Attack Benue Community"";""All Africa,2017-04-04,15 Die in Fresh Benue Farmers/Herdsmen Clashes""",Two Killed As Suspected Herdsmen Attack Benue Community;15 Die in Fresh Benue Farmers/Herdsmen Clashes,"Ikyoawen, Kwande Local Government Area"
237690,CHA-2017-2-5583-7,2017,Fulani - Tiv,Fulani - Tiv,Fulani,Tiv,Benue state,Kwande lga,6.80099,9.47021,2017-04-02,2017-04-02,0,0,0,11,11,11,11,"""All Africa,2017-04-04,15 Die in Fresh Benue Farmers/Herdsmen Clashes""",15 Die in Fresh Benue Farmers/Herdsmen Clashes,Nzaav and Alaba in Yaav council ward
237695,CHA-2017-2-5583-10,2017,Fulani - Tiv,Fulani - Tiv,Fulani,Tiv,Benue state,Kwande lga,6.89857,9.49676,2017-04-11,2017-04-11,0,2,0,0,2,2,2,"""All Africa,2017-04-14,Gunmen Kill Four in Benue""",Gunmen Kill Four in Benue,Jato Aka (near) in Kwande LGA
240925,CHA-2017-2-5583-11,2017,Fulani - Tiv,Fulani - Tiv,Fulani,Tiv,Benue state,Kwande lga,6.80099,9.47021,2017-04-11,2017-04-12,0,0,0,5,5,5,5,"""This Day,2017-04-13,Five Killed as Herdsmen Attack Benue Community""",Five Killed as Herdsmen Attack Benue Community,"Turan, Kwande Local Government Area of Benue State."
240927,CHA-2017-2-5583-13,2017,Fulani - Tiv,Fulani - Tiv,Fulani,Tiv,Benue state,Kwande lga,6.80099,9.47021,2017-04-11,2017-04-12,0,2,0,0,2,5,2,"""Nigeria Today,2017-04-13,5 Killed as Herdsmen Attack Benue Community""",5 Killed as Herdsmen Attack Benue Community,"Inundugh village in Yaav council ward, Kwande"
240929,CHA-2017-2-5583-15,2017,Fulani - Tiv,Fulani - Tiv,Fulani,Tiv,Benue state,Gwer East lga,7.572469,8.596875,2017-04-19,2017-04-19,1,2,0,0,3,10,3,"""The Sun,2017-04-21,10 killed in herder/farmers clash in Benue community"";""This Day,2017-04-21,Three Killed in Benue after Attack by Suspected Herdsmen""",10 killed in herder/farmers clash in Benue community;Three Killed in Benue after Attack by Suspected Herdsmen,"Tse Igba Uke village near Ikpayongo

along Makurdi/Otukpo highway (near Ikpayongo)"
240930,CHA-2017-2-5583-16,2017,Fulani - Tiv,Fulani - Tiv,Fulani,Tiv,Benue state,Guma lga,7.96667,8.76667,2017-04-25,2017-04-25,0,4,0,0,4,4,4,"""Nigeria Watch,2017-04-24,Herdsmen, Benue""","Herdsmen, Benue",Tse- Wuaswem at Saghev District
238141,CHA-2017-2-5583-1,2017,Fulani - Tiv,Fulani - Tiv,Fulani,Tiv,Benue state,Logo lga,7.68922,9.25049,2017-05-07,2017-05-07,0,0,0,15,15,20,8,"""Agence France Presse,2017-05-09,Fulani herdsmen kill eight in central Nigeria: police"";""All Africa,2017-05-09,Again 15 Die, Scores Injured, Others Missing As Herdsmen Invade Benue Communities"";""Nigerian Tribune,2017-05-08,Three killed in Fulani/Tiv crisis in Benue""","Fulani herdsmen kill eight in central Nigeria: police;Again 15 Die, Scores Injured, Others Missing As Herdsmen Invade Benue Communities;Three killed in Fulani/Tiv crisis in Benue","Tse-Akaa, Mba'abaji and Tse-Orlalu villages in Logo Local Government Area of Benue State"
240493,CHA-2017-2-5583-3,2017,Fulani - Tiv,Fulani - Tiv,Fulani,Tiv,Benue state,Logo lga,7.752484,9.404171,2017-05-09,2017-05-09,0,2,0,0,2,2,2,"""All Africa,2017-05-12,Monarch Flays Govt Over Inaction On Herdsmen Killings in Delta""",Monarch Flays Govt Over Inaction On Herdsmen Killings in Delta,"Tse-Igboughul, Logo LGA"
240497,CHA-2017-2-5583-4,2017,Fulani - Tiv,Fulani - Tiv,Fulani,Tiv,Benue state,Buruku lga,7.36534,9.26074,2017-05-09,2017-05-09,0,2,0,0,2,2,2,"""All Africa,2017-05-12,Monarch Flays Govt Over Inaction On Herdsmen Killings in Delta""",Monarch Flays Govt Over Inaction On Herdsmen Killings in Delta,Buruku local government area
238193,CHA-2017-2-5583-2.1,2017,Fulani - Tiv,Fulani - Tiv,Fulani,Tiv,Taraba state,Bali lga,7.96457,10.872,2017-05-13,2017-05-17,0,4,0,0,4,4,3,"""All Africa,2017-05-17,12 Killed, 15,000 Displaced in Taraba Farmers, Herdsmen's Clash""","12 Killed, 15,000 Displaced in Taraba Farmers, Herdsmen's Clash","Gazabu, Bali LGA"
239848,CHA-2017-2-5583-2.2,2017,Fulani - Tiv,Fulani - Tiv,Fulani,Tiv,Taraba state,Bali lga,7.8116,10.58387,2017-05-13,2017-05-17,0,4,0,0,4,3,4,"""All Africa,2017-05-17,12 Killed, 15,000 Displaced in Taraba Farmers, Herdsmen's Clash""","12 Killed, 15,000 Displaced in Taraba Farmers, Herdsmen's Clash","Kungana, Bali LGA"
239849,CHA-2017-2-5583-2.3,2017,Fulani - Tiv,Fulani - Tiv,Fulani,Tiv,Taraba state,Bali lga,8.15541,10.96853,2017-05-13,2017-05-17,0,3,0,0,3,4,4,"""All Africa,2017-05-17,12 Killed, 15,000 Displaced in Taraba Farmers, Herdsmen's Clash""","12 Killed, 15,000 Displaced in Taraba Farmers, Herdsmen's Clash","Tukun Ruwa, Utsua Daa, Kpenkpen, Bali LGA"
238859,CHA-2017-2-5235-0,2017,Fulani - Mambila,Fulani - Mambila,Fulani,Mambila,Taraba state,Sardauna lga,6.87463,11.21184,2017-06-16,2017-06-20,104,0,0,0,104,311,104,"""Premium Times,2017-10-14,INVESTIGATION: How latest Mambilla Plateau violence unfolded; leaving deaths, destruction"";""Daily Post,2018-01-17,Arrest killers of Fulani herdsmen in Mambila, Numan, others – Miyetti Allah"";""Vanguard ,2017-07-23,Southern Kaduna and Mambila killings: What nobody will tell you about the carnage  "";""All Africa,2017-06-26,Taraba Violence - Nigerian Army Blames Politicians As Governor Ishaku Denies Ordering Killing of Fulanis"";""Sahara Reporters,2017-06-22,Mambilla Committed Ethnic Cleansing In Taraba, Says Fulani Community""","INVESTIGATION: How latest Mambilla Plateau violence unfolded; leaving deaths, destruction;Arrest killers of Fulani herdsmen in Mambila, Numan, others – Miyetti Allah;Southern Kaduna and Mambila killings: What nobody will tell you about the carnage  ;Taraba Violence - Nigerian Army Blames Politicians As Governor Ishaku Denies Ordering Killing of Fulanis;Mambilla Committed Ethnic Cleansing In Taraba, Says Fulani Community",Sardauna LGA
252147,CHA-2017-2-5235-5,2017,Fulani - Mambila,Fulani - Mambila,Fulani,Mambila,Taraba state,Sardauna lga,6.573788,11.245206,2017-06-17,2017-06-17,35,0,0,0,35,35,35,"""Premium Times,2017-10-14,INVESTIGATION: How latest Mambilla Plateau violence unfolded; leaving deaths, destruction"";""HARVEST OF DEATH. THREE YEARS OF BLOODY CLASHES BETWEEN FARMERS AND HERDERS IN NIGERIA,2018-12-17,4.1 ATTACKS ON FULANI COMMUNITIES IN TARABA STATE""","INVESTIGATION: How latest Mambilla Plateau violence unfolded; leaving deaths, destruction;4.1 ATTACKS ON FULANI COMMUNITIES IN TARABA STATE",Kwarakwara town in Sardauna Local Government Area
238820,CHA-2017-2-5235-1.1,2017,Fulani - Mambila,Fulani - Mambila,Fulani,Mambila,Taraba state,Sardauna lga,6.96012,11.11628,2017-06-18,2017-06-18,1,0,0,0,1,3,1,"""All Africa,2017-06-19,Many Killed, Houses Burnt in Attacks On Taraba Villages"";""All Africa,2017-06-20,Police Confirm 2 Dead As Normalcy Returns to Nguroge, Mayo Ndaga""","Many Killed, Houses Burnt in Attacks On Taraba Villages;Police Confirm 2 Dead As Normalcy Returns to Nguroge, Mayo Ndaga","Nguroge, Sardauna LGA"
239815,CHA-2017-2-5235-1.2,2017,Fulani - Mambila,Fulani - Mambila,Fulani,Mambila,Taraba state,Sardauna lga,6.91667,11.43333,2017-06-18,2017-06-18,1,0,0,0,1,2,1,"""All Africa,2017-06-19,Many Killed, Houses Burnt in Attacks On Taraba Villages"";""All Africa,2017-06-20,Police Confirm 2 Dead As Normalcy Returns to Nguroge, Mayo Ndaga""","Many Killed, Houses Burnt in Attacks On Taraba Villages;Police Confirm 2 Dead As Normalcy Returns to Nguroge, Mayo Ndaga","Mayo Ndaga, Sardauna LGA"
247306,CHA-2017-2-5494-0,2017,Fulani - Tarok,Fulani - Tarok,Fulani,Tarok,Plateau state,,9.166667,9.75,2017-10-01,2017-10-31,1,0,0,0,1,1,1,"""All Africa,2017-11-07,Herdsmen Raise the Alarm Over Incessant Attacks, Killings in Plateau""","Herdsmen Raise the Alarm Over Incessant Attacks, Killings in Plateau",Plateau state
244767,CHA-2017-2-5583-17,2017,Fulani - Tiv,Fulani - Tiv,Fulani,Tiv,Benue state,Logo lga,7.80004,9.02429,2017-11-01,2017-11-01,0,1,0,0,1,1,1,"""All Africa,2017-11-03,24-Hrs After Benue Grazing Law Takes Effect, Herdsmen Kill One, Injure Many""","24-Hrs After Benue Grazing Law Takes Effect, Herdsmen Kill One, Injure Many","Azege village, Logo LGA"
254294,CHA-2018-2-5583-7.2,2018,Fulani - Tiv,Fulani - Tiv,Fulani,Tiv,Benue state,Guma lga,7.96667,8.76667,2018-01-01,2018-01-08,0,0,0,16,16,16,16,"""Agence France Presse,2018-01-09,Death toll from Nigeria communal violence reaches 80"";""Agence France Presse,2018-01-23,Six dead in latest herder-farmer violence in Nigeria"";""All Africa,2018-04-11,Intimations of a Failing State - Has Life Ever Been This Cheap in Nigeria?""",Death toll from Nigeria communal violence reaches 80;Six dead in latest herder-farmer violence in Nigeria;Intimations of a Failing State - Has Life Ever Been This Cheap in Nigeria?,Guma LGA
249699,CHA-2018-2-5583-0.2,2018,Fulani - Tiv,Fulani - Tiv,Fulani,Tiv,Benue state,Guma lga,7.716274,8.882735,2018-01-01,2018-01-01,0,4,0,0,4,3,4,"""All Africa,2018-01-03,Herdsmen Kill 50 in Benue Communities""",Herdsmen Kill 50 in Benue Communities,"Ayilanmo and Turan in Gambe-tiev, Logo LGA

Tomatar and Umenger in Guma LGA"
249700,CHA-2018-2-5583-0.3,2018,Fulani - Tiv,Fulani - Tiv,Fulani,Tiv,Benue state,Logo lga,7.772936,9.130232,2018-01-01,2018-01-01,0,3,0,0,3,4,3,"""All Africa,2018-01-03,Herdsmen Kill 50 in Benue Communities""",Herdsmen Kill 50 in Benue Communities,"Ayilanmo and Turan in Gambe-tiev, Logo LGA

Tomatar and Umenger in Guma LGA"
249701,CHA-2018-2-5583-0.4,2018,Fulani - Tiv,Fulani - Tiv,Fulani,Tiv,Benue state,Logo lga,7.68922,9.25049,2018-01-01,2018-01-01,0,3,0,0,3,4,3,"""All Africa,2018-01-03,Herdsmen Kill 50 in Benue Communities""",Herdsmen Kill 50 in Benue Communities,"Ayilanmo and Turan in Gambe-tiev, Logo LGA

Tomatar and Umenger in Guma LGA"
249686,CHA-2018-2-5583-0.1,2018,Fulani - Tiv,Fulani - Tiv,Fulani,Tiv,Benue state,Guma lga,7.981381,8.762348,2018-01-01,2018-01-01,0,4,0,0,4,4,4,"""All Africa,2018-01-03,Herdsmen Kill 50 in Benue Communities""",Herdsmen Kill 50 in Benue Communities,"Ayilanmo and Turan in Gambe-tiev, Logo LGA

Tomatar and Umenger in Guma LGA"
278822,CHA-2018-2-5583-99,2018,Fulani - Tiv,Fulani - Tiv,Fulani,Tiv,Nasarawa state,Awe lga,8.27456,9.1849,2018-01-01,2018-01-01,0,1,0,0,1,1,1,"""The Punch,2018-01-05,Fleeing herdsmen allegedly kill Nasarawa farmers""",Fleeing herdsmen allegedly kill Nasarawa farmers,Gidan Wurji in Awe Local Government Area
253790,CHA-2018-2-5583-7.1,2018,Fulani - Tiv,Fulani - Tiv,Fulani,Tiv,Benue state,Logo lga,7.68922,9.25049,2018-01-01,2018-01-08,0,0,0,16,16,15,16,"""Agence France Presse,2018-01-09,Death toll from Nigeria communal violence reaches 80"";""Agence France Presse,2018-01-23,Six dead in latest herder-farmer violence in Nigeria"";""All Africa,2018-04-11,Intimations of a Failing State - Has Life Ever Been This Cheap in Nigeria?""",Death toll from Nigeria communal violence reaches 80;Six dead in latest herder-farmer violence in Nigeria;Intimations of a Failing State - Has Life Ever Been This Cheap in Nigeria?,Logo LGA
253692,CHA-2018-2-5583-3.2,2018,Fulani - Tiv,Fulani - Tiv,Fulani,Tiv,Nasarawa state,Keana lga,8.16746,8.76829,2018-01-02,2018-01-04,0,2,0,0,2,2,2,"""All Africa,2018-01-05,Herdsmen Continue Rampage, Kill One in Benue, Woman in Ondo""","Herdsmen Continue Rampage, Kill One in Benue, Woman in Ondo",Awe and Keane Local Government Area
253687,CHA-2018-2-5583-1,2018,Fulani - Tiv,Fulani - Tiv,Fulani,Tiv,Benue state,Guma lga,7.96667,8.76667,2018-01-02,2018-01-04,0,1,0,0,1,1,1,"""All Africa,2018-01-05,Herdsmen Continue Rampage, Kill One in Benue, Woman in Ondo""","Herdsmen Continue Rampage, Kill One in Benue, Woman in Ondo",Mbayer Yandev Council Ward of Guma Local Government Area in Benue State
253689,CHA-2018-2-5583-3.1,2018,Fulani - Tiv,Fulani - Tiv,Fulani,Tiv,Nasarawa state,Awe lga,8.27456,9.1849,2018-01-02,2018-01-04,0,2,0,0,2,2,2,"""All Africa,2018-01-05,Herdsmen Continue Rampage, Kill One in Benue, Woman in Ondo""","Herdsmen Continue Rampage, Kill One in Benue, Woman in Ondo",Awe and Keane Local Government Area
254299,CHA-2018-2-5583-106,2018,Fulani - Tiv,Fulani - Tiv,Fulani,Tiv,Taraba state,Wukari lga,7.96327,9.84767,2018-01-04,2018-01-04,0,5,0,0,5,5,5,"""The Punch,2018-01-05,Gunmen kill family of five, two others in Taraba"";""Nigeria Watch,2018-01-04,Gunmen Kill Family of 5, Taraba""","Gunmen kill family of five, two others in Taraba;Gunmen Kill Family of 5, Taraba",in Jandeikyula village
253698,CHA-2018-2-5583-4.1,2018,Fulani - Tiv,Fulani - Tiv,Fulani,Tiv,Benue state,Logo lga,7.77177,9.24385,2018-01-05,2018-01-06,0,6,0,0,6,6,3,"""All Africa,2018-01-07,Another 16 Reportedly Killed in Benue, 49 Corpses for Mass Burial  
CR  Vanguard""","Another 16 Reportedly Killed in Benue, 49 Corpses for Mass Burial  
CR  Vanguard","Tse Akombo, Tse Vii and Tse Agule communities in Logo local government area"
253703,CHA-2018-2-5583-4.2,2018,Fulani - Tiv,Fulani - Tiv,Fulani,Tiv,Benue state,Logo lga,7.68922,9.25049,2018-01-05,2018-01-06,0,10,0,0,10,10,7,"""All Africa,2018-01-07,Another 16 Reportedly Killed in Benue, 49 Corpses for Mass Burial  
CR  Vanguard""","Another 16 Reportedly Killed in Benue, 49 Corpses for Mass Burial  
CR  Vanguard","Tse Akombo, Tse Vii and Tse Agule communities in Logo local government area"
253760,CHA-2018-2-5583-5,2018,Fulani - Tiv,Fulani - Tiv,Fulani,Tiv,Benue state,Logo lga,7.68922,9.25049,2018-01-07,2018-01-07,0,4,0,0,4,4,4,"""All Africa,2018-01-08,Despite Security Deployment, Herdsmen Killings in Benue State Continue""","Despite Security Deployment, Herdsmen Killings in Benue State Continue",Tse Akombo village in Mbaniage district
253761,CHA-2018-2-5583-6,2018,Fulani - Tiv,Fulani - Tiv,Fulani,Tiv,Benue state,Logo lga,7.68922,9.25049,2018-01-07,2018-01-07,0,6,0,0,6,6,6,"""All Africa,2018-01-08,Despite Security Deployment, Herdsmen Killings in Benue State Continue""","Despite Security Deployment, Herdsmen Killings in Benue State Continue",Tse- mba
254314,CHA-2018-2-5583-101,2018,Fulani - Tiv,Fulani - Tiv,Fulani,Tiv,Taraba state,Ibi lga,8.128486,9.543621,2018-01-08,2018-01-12,0,4,0,0,4,4,4,"""Sahara Reporters,2018-01-16,Armed Fulani Men Attack Taraba Community, Kill Traditional Ruler"";""Daily Post,2018-02-06,Fulani Herdsmen: Tiv group petitions FG over Taraba killings"";""Nigeria Today,2018-02-05,https://www.today.ng/news/nigeria/lost-32-persons-herdsmen-taraba-tiv-leader-72659"";""Nigeria Watch,2018-01-17,Herdsmen Attack, Taraba""","Armed Fulani Men Attack Taraba Community, Kill Traditional Ruler;Fulani Herdsmen: Tiv group petitions FG over Taraba killings;https://www.today.ng/news/nigeria/lost-32-persons-herdsmen-taraba-tiv-leader-72659;Herdsmen Attack, Taraba","Gishiri, Ibi LGA"
254315,CHA-2018-2-5583-102,2018,Fulani - Tiv,Fulani - Tiv,Fulani,Tiv,Taraba state,Ibi lga,8.35088,9.88731,2018-01-15,2018-01-15,0,1,0,0,1,1,1,"""Nigeria Watch,2018-01-17,Herdsmen Attack, Taraba"";""Sahara Reporters,2018-01-16,Armed Fulani Men Attack Taraba Community, Kill Traditional Ruler"";""Daily Post,2018-02-06,Fulani Herdsmen: Tiv group petitions FG over Taraba killings"";""Nigeria Today,2018-02-05,We’ve lost 32 persons to herdsmen in Taraba – Tiv leader""","Herdsmen Attack, Taraba;Armed Fulani Men Attack Taraba Community, Kill Traditional Ruler;Fulani Herdsmen: Tiv group petitions FG over Taraba killings;We’ve lost 32 persons to herdsmen in Taraba – Tiv leader","Karmen village/Kaamen village, Ibi LGA"
254316,CHA-2018-2-5583-103,2018,Fulani - Tiv,Fulani - Tiv,Fulani,Tiv,Taraba state,Ibi lga,8.238208,9.696992,2018-01-16,2018-01-17,0,4,0,0,4,4,4,"""Nigeria Today,2018-02-05,We’ve lost 32 persons to herdsmen in Taraba – Tiv leader"";""Sahara Reporters,2018-01-16,Armed Fulani Men Attack Taraba Community, Kill Traditional Ruler"";""Daily Post,2018-02-06,Fulani Herdsmen: Tiv group petitions FG over Taraba killings"";""Nigeria Watch,2018-01-17,Herdsmen Attack, Taraba""","We’ve lost 32 persons to herdsmen in Taraba – Tiv leader;Armed Fulani Men Attack Taraba Community, Kill Traditional Ruler;Fulani Herdsmen: Tiv group petitions FG over Taraba killings;Herdsmen Attack, Taraba","Dooshima, Ibi LGA"
253900,CHA-2018-2-5583-10,2018,Fulani - Tiv,Fulani - Tiv,Fulani,Tiv,Benue state,Guma lga,7.96667,8.76667,2018-01-17,2018-01-17,0,2,0,0,2,2,2,"""All Africa,2018-01-18,Five Killed in Benue in Fresh Herdsmen Attacks""",Five Killed in Benue in Fresh Herdsmen Attacks,Guma LGA
253901,CHA-2018-2-5583-11,2018,Fulani - Tiv,Fulani - Tiv,Fulani,Tiv,Benue state,Logo lga,7.68922,9.25049,2018-01-17,2018-01-17,0,2,0,0,2,2,2,"""All Africa,2018-01-18,Five Killed in Benue in Fresh Herdsmen Attacks""",Five Killed in Benue in Fresh Herdsmen Attacks,Logo LGA
253899,CHA-2018-2-12342-0,2018,Fulani - Idoma,Fulani - Idoma,Fulani,Idoma,Benue state,Okpokwu lga,7.01094,7.85102,2018-01-17,2018-01-17,1,0,0,0,1,1,1,"""All Africa,2018-01-18,Five Killed in Benue in Fresh Herdsmen Attacks"";""Daily Post,2018-01-19,Fulani herdsmen: Abba Moro speaks on clash in Idoma community""",Five Killed in Benue in Fresh Herdsmen Attacks;Fulani herdsmen: Abba Moro speaks on clash in Idoma community,"Okpokwu Local Government Area

Ingle Odidi community in Okpokwu"
254324,CHA-2018-2-5583-23,2018,Fulani - Tiv,Fulani - Tiv,Fulani,Tiv,Benue state,Guma lga,7.96667,8.76667,2018-01-24,2018-01-24,0,4,0,0,4,4,4,"""Nigeria Watch,2018-01-24,Herdsmen Attack, Benue""","Herdsmen Attack, Benue","Uvir, Guma LGA"
254326,CHA-2018-2-5583-24,2018,Fulani - Tiv,Fulani - Tiv,Fulani,Tiv,Benue state,Guma lga,7.96667,8.76667,2018-01-25,2018-01-25,0,1,0,0,1,1,1,"""Nigeria Watch,2018-01-25,Fulani Herdsmen Attack, Benue""","Fulani Herdsmen Attack, Benue",Uvir council ward
253937,CHA-2018-2-5583-14,2018,Fulani - Tiv,Fulani - Tiv,Fulani,Tiv,Taraba state,Wukari lga,7.96327,9.84767,2018-01-27,2018-01-27,0,2,0,0,2,2,2,"""All Africa,2018-01-29,Taraba LG Boss Escapes Death in Herdsmen Attack"";""Nigeria Today,2018-02-05,We’ve lost 32 persons to herdsmen in Taraba – Tiv leader""",Taraba LG Boss Escapes Death in Herdsmen Attack;We’ve lost 32 persons to herdsmen in Taraba – Tiv leader,"Gidin Dorowa/Gidin Doruwa, Wukari Local Government Area of Taraba State"
278889,CHA-2018-2-5583-108,2018,Fulani - Tiv,Fulani - Tiv,Fulani,Tiv,Taraba state,Ibi lga,8.109785,9.775277,2018-01-27,2018-01-28,0,1,0,0,1,1,1,"""Nigeria Today,2018-02-05,We’ve lost 32 persons to herdsmen in Taraba – Tiv leader"";""Punch,2019-01-28,Suspected Fulani militia kill two in fresh Taraba attacks""",We’ve lost 32 persons to herdsmen in Taraba – Tiv leader;Suspected Fulani militia kill two in fresh Taraba attacks,"Ibua, Ibi LGA"
253932,CHA-2018-2-5583-13,2018,Fulani - Tiv,Fulani - Tiv,Fulani,Tiv,Nasarawa state,Keana lga,8.23333,8.56667,2018-01-28,2018-01-28,2,0,0,0,2,2,2,"""All Africa,2018-01-29,2 Missing, 73 Cows Killed As Militia Attacks Nasarawa Community"";""Nigeria Watch,2018-01-28,Farmers vs Fulani Herdsmen, Nasarawa""","2 Missing, 73 Cows Killed As Militia Attacks Nasarawa Community;Farmers vs Fulani Herdsmen, Nasarawa",Kadarko community in Keana local government area of Nasarawa
254342,CHA-2018-2-5235-0,2018,Fulani - Mambila,Fulani - Mambila,Fulani,Mambila,Taraba state,Sardauna lga,6.749681,11.200112,2018-01-30,2018-01-30,2,0,0,0,2,2,2,"""Nigeria Watch,2018-01-30,Gunmen Kill 2, Taraba"";""HARVEST OF DEATH. THREE YEARS OF BLOODY CLASHES BETWEEN FARMERS AND HERDERS IN NIGERIA,2018-12-17,4.1 ATTACKS ON FULANI COMMUNITIES IN TARABA STATE""","Gunmen Kill 2, Taraba;4.1 ATTACKS ON FULANI COMMUNITIES IN TARABA STATE","Leme village, Mambilla Plateau, Sardauna LGA"
254340,CHA-2018-2-5583-25,2018,Fulani - Tiv,Fulani - Tiv,Fulani,Tiv,Nasarawa state,Keana lga,8.23333,8.56667,2018-01-30,2018-01-30,0,7,0,0,7,7,7,"""Sun News Online,2018-01-31,Gunmen kill 7, injure 2 in Nasarawa""","Gunmen kill 7, injure 2 in Nasarawa","Angwan Tiv settlement in Kadarko town, Keana"
253960,CHA-2018-2-5583-17,2018,Fulani - Tiv,Fulani - Tiv,Fulani,Tiv,Benue state,Gboko lga,7.32275,9.00108,2018-01-31,2018-01-31,7,0,0,0,7,7,7,"""Agence France Presse,2018-01-31,Herder-farmer violence kills 14 in Nigeria""",Herder-farmer violence kills 14 in Nigeria,"Gboko, Benue state"
278887,CHA-2018-2-5583-107,2018,Fulani - Tiv,Fulani - Tiv,Fulani,Tiv,Taraba state,Gassol lga,8.47269,10.5442,2018-02-01,2018-02-02,0,6,0,0,6,6,6,"""Nigeria Today,2018-02-05,We’ve lost 32 persons to herdsmen in Taraba – Tiv leader""",We’ve lost 32 persons to herdsmen in Taraba – Tiv leader,"in Dan-Anacha, Wurojam in Gassol local government council"
278878,CHA-2018-2-5583-105,2018,Fulani - Tiv,Fulani - Tiv,Fulani,Tiv,Taraba state,Wukari lga,7.96327,9.84767,2018-02-01,2018-02-02,0,5,0,0,5,5,5,"""Nigeria Today,2018-02-05,We’ve lost 32 persons to herdsmen in Taraba – Tiv leader""",We’ve lost 32 persons to herdsmen in Taraba – Tiv leader,Amande Jembe in Wukari local government
254372,CHA-2018-2-5583-27,2018,Fulani - Tiv,Fulani - Tiv,Fulani,Tiv,Taraba state,Gassol lga,8.47269,10.5442,2018-02-02,2018-02-02,0,4,0,0,4,4,4,"""Nigeria Watch,2018-02-02,Herdsmen Attack, Taraba"";""Nigeria Today,2018-02-05,We’ve lost 32 persons to herdsmen in Taraba – Tiv leader""","Herdsmen Attack, Taraba;We’ve lost 32 persons to herdsmen in Taraba – Tiv leader","Ngutswen village, Gassol LGA"
254037,CHA-2018-2-5583-20.2,2018,Fulani - Tiv,Fulani - Tiv,Fulani,Tiv,Nasarawa state,Obi lga,8.36667,8.76667,2018-02-05,2018-02-11,0,5,0,0,5,5,5,"""All Africa,2018-02-12,20 Persons Killed in Latest Attacks On Nasarawa Communities - Senator""",20 Persons Killed in Latest Attacks On Nasarawa Communities - Senator,Obi
254038,CHA-2018-2-5583-20.3,2018,Fulani - Tiv,Fulani - Tiv,Fulani,Tiv,Nasarawa state,Obi lga,8.4,8.55,2018-02-05,2018-02-11,0,5,0,0,5,5,5,"""All Africa,2018-02-12,20 Persons Killed in Latest Attacks On Nasarawa Communities - Senator""",20 Persons Killed in Latest Attacks On Nasarawa Communities - Senator,Agyaragu
254039,CHA-2018-2-5583-20.4,2018,Fulani - Tiv,Fulani - Tiv,Fulani,Tiv,Nasarawa state,Doma lga,8.39307,8.35544,2018-02-05,2018-02-11,0,5,0,0,5,5,5,"""All Africa,2018-02-12,20 Persons Killed in Latest Attacks On Nasarawa Communities - Senator""",20 Persons Killed in Latest Attacks On Nasarawa Communities - Senator,Doma town
254034,CHA-2018-2-5583-20.1,2018,Fulani - Tiv,Fulani - Tiv,Fulani,Tiv,Nasarawa state,Obi lga,8.31667,8.85,2018-02-05,2018-02-11,0,5,0,0,5,5,5,"""All Africa,2018-02-12,20 Persons Killed in Latest Attacks On Nasarawa Communities - Senator""",20 Persons Killed in Latest Attacks On Nasarawa Communities - Senator,Agwatashi
254374,CHA-2018-2-5583-28.1,2018,Fulani - Tiv,Fulani - Tiv,Fulani,Tiv,Nasarawa state,Keana lga,8.23333,8.56667,2018-02-06,2018-02-06,0,2,0,0,2,2,2,"""Nigeria Watch,2018-02-06,Fulani Herdsmen Attack, Nasarawa""","Fulani Herdsmen Attack, Nasarawa",Kadarko
254375,CHA-2018-2-5583-28.2,2018,Fulani - Tiv,Fulani - Tiv,Fulani,Tiv,Nasarawa state,Obi lga,8.284135,8.990488,2018-02-06,2018-02-06,0,2,0,0,2,2,2,"""Nigeria Watch,2018-02-06,Fulani Herdsmen Attack, Nasarawa""","Fulani Herdsmen Attack, Nasarawa",Apurough
254376,CHA-2018-2-5583-28.3,2018,Fulani - Tiv,Fulani - Tiv,Fulani,Tiv,Nasarawa state,Obi lga,8.385338,8.763083,2018-02-06,2018-02-06,0,2,0,0,2,2,2,"""Nigeria Watch,2018-02-06,Fulani Herdsmen Attack, Nasarawa""","Fulani Herdsmen Attack, Nasarawa",Kwaghshir
254377,CHA-2018-2-5583-28.4,2018,Fulani - Tiv,Fulani - Tiv,Fulani,Tiv,Nasarawa state,Obi lga,8.34738,8.72769,2018-02-06,2018-02-06,0,2,0,0,2,2,2,"""Nigeria Watch,2018-02-06,Fulani Herdsmen Attack, Nasarawa""","Fulani Herdsmen Attack, Nasarawa","Baaki, Ibuan,and Buaii, Ibo LGA"
254019,CHA-2018-2-5583-18,2018,Fulani - Tiv,Fulani - Tiv,Fulani,Tiv,Benue state,Logo lga,7.81875,9.24534,2018-02-08,2018-02-08,0,2,1,0,3,3,3,"""All Africa,2018-02-09,Three Killed in Fresh Attacks On Benue Communities""",Three Killed in Fresh Attacks On Benue Communities,"Anyiin (around), Logo LGA"
254266,CHA-2018-2-5583-22,2018,Fulani - Tiv,Fulani - Tiv,Fulani,Tiv,Benue state,Guma lga,7.96667,8.76667,2018-02-19,2018-02-25,0,0,0,0,0,61,0,"""Crisis Watch February,2018-02-28,Nigeria  FEBRUARY 2018""",Nigeria  FEBRUARY 2018,Guma area
254383,CHA-2018-2-5235-1.1,2018,Fulani - Mambila,Fulani - Mambila,Fulani,Mambila,Taraba state,Sardauna lga,6.816303,11.233413,2018-03-01,2018-03-04,3,0,0,0,3,6,3,"""Nigeria Watch,2018-03-01,Communal Clash, Taraba"";""All Africa,2018-03-05,Scores Feared Dead As Mambilla Crisis Escalates"";""All Africa,2018-03-05,Mambilla - 20 Reported Killed, 300 Cows Stolen in Fresh Taraba Violence"";""Agence France Presse,2018-03-05,At least 10 die in Nigeria farmer-herder clashes: police""","Communal Clash, Taraba;Scores Feared Dead As Mambilla Crisis Escalates;Mambilla - 20 Reported Killed, 300 Cows Stolen in Fresh Taraba Violence;At least 10 die in Nigeria farmer-herder clashes: police",Likitaba
254959,CHA-2018-2-5235-1.2,2018,Fulani - Mambila,Fulani - Mambila,Fulani,Mambila,Taraba state,Sardauna lga,6.749681,11.200112,2018-03-01,2018-03-04,3,0,0,0,3,6,3,"""Agence France Presse,2018-03-05,At least 10 die in Nigeria farmer-herder clashes: police"";""Nigeria Watch,2018-03-01,Communal Clash, Taraba"";""All Africa,2018-03-05,Mambilla - 20 Reported Killed, 300 Cows Stolen in Fresh Taraba Violence"";""All Africa,2018-03-05,Scores Feared Dead As Mambilla Crisis Escalates""","At least 10 die in Nigeria farmer-herder clashes: police;Communal Clash, Taraba;Mambilla - 20 Reported Killed, 300 Cows Stolen in Fresh Taraba Violence;Scores Feared Dead As Mambilla Crisis Escalates",Leme on the outskirts of Gembu
254960,CHA-2018-2-5235-1.3,2018,Fulani - Mambila,Fulani - Mambila,Fulani,Mambila,Taraba state,Sardauna lga,6.96012,11.11628,2018-03-01,2018-03-04,4,0,0,0,4,7,4,"""Nigeria Watch,2018-03-01,Communal Clash, Taraba"";""All Africa,2018-03-05,Mambilla - 20 Reported Killed, 300 Cows Stolen in Fresh Taraba Violence"";""All Africa,2018-03-05,Scores Feared Dead As Mambilla Crisis Escalates"";""Agence France Presse,2018-03-05,At least 10 die in Nigeria farmer-herder clashes: police""","Communal Clash, Taraba;Mambilla - 20 Reported Killed, 300 Cows Stolen in Fresh Taraba Violence;Scores Feared Dead As Mambilla Crisis Escalates;At least 10 die in Nigeria farmer-herder clashes: police",Nguroje village
254970,CHA-2018-2-5583-31,2018,Fulani - Tiv,Fulani - Tiv,Fulani,Tiv,Benue state,Guma lga,7.981381,8.762348,2018-03-04,2018-03-04,0,2,0,0,2,5,2,"""All Africa,2018-03-06,Buhari Bows to Pressure, to Visit Five Troubled States""","Buhari Bows to Pressure, to Visit Five Troubled States",Umenger in Guma Local Government Area
254972,CHA-2018-2-5583-32,2018,Fulani - Tiv,Fulani - Tiv,Fulani,Tiv,Benue state,Okpokwu lga,6.97437,7.977584,2018-03-05,2018-03-05,1,29,0,0,30,30,30,"""Agence France Presse,2018-03-06,16 killed in central Nigeria violence: police"";""All Africa,2018-03-07,Death Toll Hits 26 in Fresh Benue Herdsmen Attack"";""All Africa,2018-03-07,Again, Benue Victims of Herdsmen Killings to Get Mass Burial""","16 killed in central Nigeria violence: police;Death Toll Hits 26 in Fresh Benue Herdsmen Attack;Again, Benue Victims of Herdsmen Killings to Get Mass Burial","Omutu, in the Okpokwu area of Benue state"
278501,CHA-2018-2-5235-2,2018,Fulani - Mambila,Fulani - Mambila,Fulani,Mambila,Taraba state,Sardauna lga,6.935322,11.41338,2018-03-07,2018-03-07,4,0,0,0,4,4,4,"""HARVEST OF DEATH. THREE YEARS OF BLOODY CLASHES BETWEEN FARMERS AND HERDERS IN NIGERIA,2018-12-17,4.1 ATTACKS ON FULANI COMMUNITIES IN TARABA STATE""",4.1 ATTACKS ON FULANI COMMUNITIES IN TARABA STATE,Hurum-Gora village
255048,NIG-2018-2-12341-0,2018,Agatu - Fulani,Agatu - Fulani,Agatu,Fulani,Benue state,Agatu lga,7.9061,7.85487,2018-03-25,2018-03-25,0,0,0,2,2,2,2,"""Agence France Presse,2018-03-26,Five more killed in Nigeria communal violence: police""",Five more killed in Nigeria communal violence: police,Agatu LGA
255944,CHA-2018-2-5583-53,2018,Fulani - Tiv,Fulani - Tiv,Fulani,Tiv,Taraba state,Donga lga,7.59094,10.2133,2018-04-04,2018-04-04,1,0,0,0,1,1,1,"""The Guardian,2018-04-08, Herders kill family of four in Taraba"";""Nigeria Watch,2018-04-07,Fulani Herdsmen Attack, Taraba""","Herders kill family of four in Taraba;Fulani Herdsmen Attack, Taraba",Donga Local Government
255389,CHA-2018-2-5583-93,2018,Fulani - Tiv,Fulani - Tiv,Fulani,Tiv,Benue state,Gwer West lga,7.63211,8.21656,2018-04-05,2018-04-05,0,0,0,0,0,8,0,"""All Africa,2018-04-06,12 Feared Killed in Attacks On Benue, Kaduna Communities"";""All Africa,2018-04-06,23 Feared Dead As Herdsmen, Bandits Attack Benue, Taraba, Kaduna Communities"";""All Africa,2018-04-06,Army Kills 21 Bandits in Zamfara""","12 Feared Killed in Attacks On Benue, Kaduna Communities;23 Feared Dead As Herdsmen, Bandits Attack Benue, Taraba, Kaduna Communities;Army Kills 21 Bandits in Zamfara","of Mbapupuu, Mbapa, Mbachhphon, and Enger all in Agagbe district of Gwer West LGA"
255950,NIG-2018-2-12341-1,2018,Agatu - Fulani,Agatu - Fulani,Agatu,Fulani,Benue state,Agatu lga,7.8677,8.0949,2018-04-06,2018-04-07,2,0,0,0,2,2,2,"""Nigeria Watch,2018-04-07,Herdsmen Kill 2, Benue"";""The Punch,2018-04-08,Herdsmen attack Benue community, kill father, son""","Herdsmen Kill 2, Benue;Herdsmen attack Benue community, kill father, son","Okokolo, Agatu, Benue"
255407,CHA-2018-2-5583-34,2018,Fulani - Tiv,Fulani - Tiv,Fulani,Tiv,Benue state,Guma lga,8.160068,8.591141,2018-04-07,2018-04-07,0,0,0,0,0,10,0,"""Agence France Presse,2018-04-08,5 killed travelling in volatile central Nigeria"";""All Africa,2018-04-10,Eight Feared Killed in Plateau, Anambra Attacks  
CR  The Guardian"";""Nigera Watch,2018-04-07,Hoodlums vs Herders, Benue""","5 killed travelling in volatile central Nigeria;Eight Feared Killed in Plateau, Anambra Attacks  
CR  The Guardian;Hoodlums vs Herders, Benue","at Yelwata town along the Lafia-Makurdi highway, Benue state"
255423,CHA-2018-2-5583-36,2018,Fulani - Tiv,Fulani - Tiv,Fulani,Tiv,Nasarawa state,Keana lga,8.23333,8.8,2018-04-07,2018-04-07,0,2,0,0,2,2,2,"""All Africa,2018-04-10,Again, Suspected Herdsmen Kill Six in Nasarawa"";""Punch,2018-04-09,Suspected Fulani herders kill six Tiv villagers in Nasarawa""","Again, Suspected Herdsmen Kill Six in Nasarawa;Suspected Fulani herders kill six Tiv villagers in Nasarawa","Jimin Nyaku village of Aloshi Chiefdom, in Keana Local Government Area of Nasarawa State"
255940,CHA-2018-2-5583-52,2018,Fulani - Tiv,Fulani - Tiv,Fulani,Tiv,Taraba state,Bali lga,8.15541,10.96853,2018-04-07,2018-04-07,0,0,0,4,4,4,4,"""Nigeria Watch,2018-04-07,Fulani Herdsmen Attack, Taraba"";""The Guardian,2018-04-08,Herders kill family of four in Taraba"";""Pressreader,2018-04-08,https://www.pressreader.com/nigeria/the-punch/20180408/281689730384240""","Fulani Herdsmen Attack, Taraba;Herders kill family of four in Taraba;https://www.pressreader.com/nigeria/the-punch/20180408/281689730384240","in Kokotye, an outskirt of Bornon Kuku, Bali LGA, Taraba"
255424,CHA-2018-2-5583-37,2018,Fulani - Tiv,Fulani - Tiv,Fulani,Tiv,Nasarawa state,Keana lga,8.23333,8.56667,2018-04-08,2018-04-08,0,3,0,0,3,4,3,"""All Africa,2018-04-10,Again, Suspected Herdsmen Kill Six in Nasarawa"";""Punch,2018-04-09,Suspected Fulani herders kill six Tiv villagers in Nasarawa""","Again, Suspected Herdsmen Kill Six in Nasarawa;Suspected Fulani herders kill six Tiv villagers in Nasarawa",at Gidan Ayua; an outskirt of Kadarko town on the Nasarawa/Benue border
255961,CHA-2018-2-5583-55,2018,Fulani - Tiv,Fulani - Tiv,Fulani,Tiv,Benue state,Logo lga,7.81875,9.24534,2018-04-09,2018-04-09,0,1,0,0,1,1,1,"""Nigeria Watch,2018-04-09,Herdsmen Attack, Benue""","Herdsmen Attack, Benue","Anyiin, Logo LGA, Benue"
255962,CHA-2018-2-5583-56,2018,Fulani - Tiv,Fulani - Tiv,Fulani,Tiv,Nasarawa state,Awe lga,8.27456,9.1849,2018-04-10,2018-04-10,0,1,0,0,1,1,1,"""Nigeria Watch,2018-04-10,Herdsmen Attack, Nasarawa"";""Facebook,2018-04-23,HIGHLIGHTS OF THE COORDINATED ATTACKS ON TIV PEOPLE OF NASARAWA STATE BETWEEN JANUARY 2018-DATE.""","Herdsmen Attack, Nasarawa;HIGHLIGHTS OF THE COORDINATED ATTACKS ON TIV PEOPLE OF NASARAWA STATE BETWEEN JANUARY 2018-DATE.","Udela village, Awe, Nsarawa"
255963,CHA-2018-2-5583-57,2018,Fulani - Tiv,Fulani - Tiv,Fulani,Tiv,Nasarawa state,Keana lga,8.23333,8.56667,2018-04-10,2018-04-10,0,5,0,0,5,5,5,"""Nigeria Watch,2018-04-10,Herdsmen Attack, Nasarawa"";""Punch,2018-05-11,Five killed in fresh attack on Kadarko village in Nasarawa""","Herdsmen Attack, Nasarawa;Five killed in fresh attack on Kadarko village in Nasarawa","Kadarko village, Nasarawa"
255427,CHA-2018-2-5583-40.1,2018,Fulani - Tiv,Fulani - Tiv,Fulani,Tiv,Benue state,Ukum lga,7.807136,9.476681,2018-04-10,2018-04-10,0,3,0,0,3,3,3,"""BBC Monitoring Africa,2018-04-12,Ten killed in Fulani violence in Nigeria's Benue State"";""Agence France Presse,2018-04-11,4 killed in attack in volatile central Nigeria"";""Vanguard ,2018-04-11,Again, herdsmen kill 75-year-old man, 14 others in fresh coordinated attacks in Benue  Read more at: https://www.vanguardngr.com/2018/04/971472/"";""All Africa,2018-04-12,Attackers in Army Uniform Overrun Benue Villages, Kill 10""","Ten killed in Fulani violence in Nigeria's Benue State;4 killed in attack in volatile central Nigeria;Again, herdsmen kill 75-year-old man, 14 others in fresh coordinated attacks in Benue  Read more at: https://www.vanguardngr.com/2018/04/971472/;Attackers in Army Uniform Overrun Benue Villages, Kill 10","Channel One, traditionally known as Gbwer,in  Ukemberagya/Tswarev ward, Logo Local Government Area, aabout two kilometres from Gbeji."
255429,CHA-2018-2-5583-40.2,2018,Fulani - Tiv,Fulani - Tiv,Fulani,Tiv,Benue state,Ukum lga,7.807136,9.476681,2018-04-10,2018-04-10,0,7,0,0,7,7,7,"""Agence France Presse,2018-04-11,4 killed in attack in volatile central Nigeria"";""Vanguard ,2018-04-11,Again, herdsmen kill 75-year-old man, 14 others in fresh coordinated attacks in Benue  Read more at: https://www.vanguardngr.com/2018/04/971472/"";""All Africa,2018-04-12,Attackers in Army Uniform Overrun Benue Villages, Kill 10"";""BBC Monitoring Africa,2018-04-12,Ten killed in Fulani violence in Nigeria's Benue State""","4 killed in attack in volatile central Nigeria;Again, herdsmen kill 75-year-old man, 14 others in fresh coordinated attacks in Benue  Read more at: https://www.vanguardngr.com/2018/04/971472/;Attackers in Army Uniform Overrun Benue Villages, Kill 10;Ten killed in Fulani violence in Nigeria's Benue State","Gbeji in Ukum local government area, Benue state"
255431,CHA-2018-2-5583-41,2018,Fulani - Tiv,Fulani - Tiv,Fulani,Tiv,Nasarawa state,Keana lga,8.23333,8.56667,2018-04-11,2018-04-11,0,0,0,1,1,1,1,"""All Africa,2018-04-12,Again, Herders Murder 11 Persons in Benue, Nasarawa""","Again, Herders Murder 11 Persons in Benue, Nasarawa","Kadarko market,  Nasarawa"
255433,CHA-2018-2-5583-43.1,2018,Fulani - Tiv,Fulani - Tiv,Fulani,Tiv,Taraba state,Wukari lga,7.96327,9.84767,2018-04-11,2018-04-11,3,22,0,0,25,38,25,"""Nigeria Watch,2018-04-11,Herdsmen Attack, Taraba"";""Nigeria Watch,2018-04-11,Herdsmen Attack, Benue"";""All Africa,2018-04-13,Death Toll Rises to 41 in Fresh Benue Attack, Residents Say"";""All Africa,2018-04-13,Suspected Nomads Kill 26 Persons in Taraba, Nasarawa"";""All Africa,2018-04-13,53 Killed By Suspected Herdsmen, Bandits in Taraba, Zamfara, Benue"";""All Africa,2018-04-13,Fulani Militia Kill 25 in Fresh Attack"";""Daily Advent Nigeria,2018-10-26,GUNMEN IN MILITARY UNIFORM ATTACK TARABA COMMUNITIES, SEE WHAT THEY DID"";""Press Reader,2018-04-14,Death Toll Rises To 67 In Benue Attack"";""Pulse,2018-04-13,How cattle farmers killed 50 in Zamfara, Taraba, Benue""","Herdsmen Attack, Taraba;Herdsmen Attack, Benue;Death Toll Rises to 41 in Fresh Benue Attack, Residents Say;Suspected Nomads Kill 26 Persons in Taraba, Nasarawa;53 Killed By Suspected Herdsmen, Bandits in Taraba, Zamfara, Benue;Fulani Militia Kill 25 in Fresh Attack;GUNMEN IN MILITARY UNIFORM ATTACK TARABA COMMUNITIES, SEE WHAT THEY DID;Death Toll Rises To 67 In Benue Attack;How cattle farmers killed 50 in Zamfara, Taraba, Benue",Jande-Ikyura in Ukum Local Government Area/ Jandeikyula village in Wukari Local Council of Taraba State (refers to same place)
255434,CHA-2018-2-5583-43.2,2018,Fulani - Tiv,Fulani - Tiv,Fulani,Tiv,Benue state,Logo lga,7.812061,9.379453,2018-04-11,2018-04-11,0,3,0,0,3,3,3,"""Daily Advent Nigeria,2018-10-26,GUNMEN IN MILITARY UNIFORM ATTACK TARABA COMMUNITIES, SEE WHAT THEY DID"";""All Africa,2018-04-13,Death Toll Rises to 41 in Fresh Benue Attack, Residents Say"";""Nigeria Watch,2018-04-11,Herdsmen Attack, Benue""","GUNMEN IN MILITARY UNIFORM ATTACK TARABA COMMUNITIES, SEE WHAT THEY DID;Death Toll Rises to 41 in Fresh Benue Attack, Residents Say;Herdsmen Attack, Benue",Tse Hwer in Ukemberyge/Tsweray Council Ward in Logo Local Government
267884,CHA-2018-2-5583-90,2018,Fulani - Tiv,Fulani - Tiv,Fulani,Tiv,Benue state,Ukum lga,7.629936,9.645133,2018-04-11,2018-04-11,0,26,0,0,26,26,26,"""Press Reader,2018-04-14,Death Toll Rises To 67 In Benue Attack"";""Nigeria Watch,2018-04-11,Herdsmen Attack, Benue"";""Daily Advent Nigeria,2018-10-26,GUNMEN IN MILITARY UNIFORM ATTACK TARABA COMMUNITIES, SEE WHAT THEY DID""","Death Toll Rises To 67 In Benue Attack;Herdsmen Attack, Benue;GUNMEN IN MILITARY UNIFORM ATTACK TARABA COMMUNITIES, SEE WHAT THEY DID","at the Benue State border communities of Akaanya, Tse Gbum, Kpete and Ulam, all in Ukum Council"
267871,CHA-2018-2-5583-89.3,2018,Fulani - Tiv,Fulani - Tiv,Fulani,Tiv,Benue state,Logo lga,7.752484,9.404171,2018-04-12,2018-04-12,0,2,0,0,2,2,2,"""Vanguard ,2018-04-13,Herdsmen kill 66 in Benue, Taraba; scores in Zamfara ""","Herdsmen kill 66 in Benue, Taraba; scores in Zamfara","Igboughur Mbavuur, Logo Local Government"
267865,CHA-2018-2-5583-89.1,2018,Fulani - Tiv,Fulani - Tiv,Fulani,Tiv,Benue state,Logo lga,7.68922,9.25049,2018-04-12,2018-04-12,0,3,0,0,3,3,3,"""Vanguard ,2018-04-13,Herdsmen kill 66 in Benue, Taraba; scores in Zamfara ""","Herdsmen kill 66 in Benue, Taraba; scores in Zamfara","Tse-Wadr, Logo local government"
255432,CHA-2018-2-5583-42,2018,Fulani - Tiv,Fulani - Tiv,Fulani,Tiv,Benue state,Makurdi lga,7.7411,8.5121,2018-04-12,2018-04-12,0,2,0,0,2,2,2,"""Agence France Presse,2018-04-12,Gunmen kill two in restive central Nigeria: police"";""Herdsmen Attack, Benue,2018-04-12,Herdsmen Attack, Benue""","Gunmen kill two in restive central Nigeria: police;Herdsmen Attack, Benue","in Agboughul community in the outskirt of Makurdi town, Benue state"
255798,CHA-2018-2-5583-44.2,2018,Fulani - Tiv,Fulani - Tiv,Fulani,Tiv,Nasarawa state,Obi lga,8.34738,8.72769,2018-04-14,2018-04-19,0,15,0,0,15,16,15,"""BBC Monitoring Africa,2018-04-16,'Gunmen' reportedly kill villagers in north-central Nigeria"";""All Africa,2018-04-17,32 Killed in Fresh Herdsmen Attacks in Nasarawa"";""All Africa,2018-04-18,Senate Wants Service Chiefs Sacked As Herdsmen Kill 78"";""All Africa,2018-04-19,17 Victims of Suspected Herdsmen Killings Get Mass Burial in Nasarawa"";""All Africa,2018-04-22,Fresh Massacre in Benue, Zamfara - 61 Killed, 82 Houses Razed""","'Gunmen' reportedly kill villagers in north-central Nigeria;32 Killed in Fresh Herdsmen Attacks in Nasarawa;Senate Wants Service Chiefs Sacked As Herdsmen Kill 78;17 Victims of Suspected Herdsmen Killings Get Mass Burial in Nasarawa;Fresh Massacre in Benue, Zamfara - 61 Killed, 82 Houses Razed","Awe, Keana, Obi, Doma and Lafia LGAs of Nasarawa State

Including villages Uluji, Ayaakeke, Uvirkaa, Kertyo and Usula, among others villages,"
255799,CHA-2018-2-5583-44.3,2018,Fulani - Tiv,Fulani - Tiv,Fulani,Tiv,Nasarawa state,Awe lga,8.27456,9.1849,2018-04-14,2018-04-19,0,15,0,0,15,16,15,"""BBC Monitoring Africa,2018-04-16,'Gunmen' reportedly kill villagers in north-central Nigeria"";""All Africa,2018-04-17,32 Killed in Fresh Herdsmen Attacks in Nasarawa"";""All Africa,2018-04-18,Senate Wants Service Chiefs Sacked As Herdsmen Kill 78"";""All Africa,2018-04-19,17 Victims of Suspected Herdsmen Killings Get Mass Burial in Nasarawa"";""All Africa,2018-04-22,Fresh Massacre in Benue, Zamfara - 61 Killed, 82 Houses Razed""","'Gunmen' reportedly kill villagers in north-central Nigeria;32 Killed in Fresh Herdsmen Attacks in Nasarawa;Senate Wants Service Chiefs Sacked As Herdsmen Kill 78;17 Victims of Suspected Herdsmen Killings Get Mass Burial in Nasarawa;Fresh Massacre in Benue, Zamfara - 61 Killed, 82 Houses Razed","Awe, Keana, Obi, Doma and Lafia LGAs of Nasarawa State

Including villages Uluji, Ayaakeke, Uvirkaa, Kertyo and Usula, among others villages,"
255800,CHA-2018-2-5583-44.4,2018,Fulani - Tiv,Fulani - Tiv,Fulani,Tiv,Nasarawa state,Doma lga,8.20323,8.30466,2018-04-14,2018-04-19,0,15,0,0,15,16,15,"""BBC Monitoring Africa,2018-04-16,'Gunmen' reportedly kill villagers in north-central Nigeria"";""All Africa,2018-04-17,32 Killed in Fresh Herdsmen Attacks in Nasarawa"";""All Africa,2018-04-18,Senate Wants Service Chiefs Sacked As Herdsmen Kill 78"";""All Africa,2018-04-19,17 Victims of Suspected Herdsmen Killings Get Mass Burial in Nasarawa"";""All Africa,2018-04-22,Fresh Massacre in Benue, Zamfara - 61 Killed, 82 Houses Razed""","'Gunmen' reportedly kill villagers in north-central Nigeria;32 Killed in Fresh Herdsmen Attacks in Nasarawa;Senate Wants Service Chiefs Sacked As Herdsmen Kill 78;17 Victims of Suspected Herdsmen Killings Get Mass Burial in Nasarawa;Fresh Massacre in Benue, Zamfara - 61 Killed, 82 Houses Razed","Awe, Keana, Obi, Doma and Lafia LGAs of Nasarawa State

Including villages Uluji, Ayaakeke, Uvirkaa, Kertyo and Usula, among others villages,"
255801,CHA-2018-2-5583-44.5,2018,Fulani - Tiv,Fulani - Tiv,Fulani,Tiv,Nasarawa state,Lafia lga,8.64007,8.69959,2018-04-14,2018-04-19,0,15,0,0,15,16,15,"""BBC Monitoring Africa,2018-04-16,'Gunmen' reportedly kill villagers in north-central Nigeria"";""All Africa,2018-04-17,32 Killed in Fresh Herdsmen Attacks in Nasarawa"";""All Africa,2018-04-18,Senate Wants Service Chiefs Sacked As Herdsmen Kill 78"";""All Africa,2018-04-19,17 Victims of Suspected Herdsmen Killings Get Mass Burial in Nasarawa"";""All Africa,2018-04-22,Fresh Massacre in Benue, Zamfara - 61 Killed, 82 Houses Razed""","'Gunmen' reportedly kill villagers in north-central Nigeria;32 Killed in Fresh Herdsmen Attacks in Nasarawa;Senate Wants Service Chiefs Sacked As Herdsmen Kill 78;17 Victims of Suspected Herdsmen Killings Get Mass Burial in Nasarawa;Fresh Massacre in Benue, Zamfara - 61 Killed, 82 Houses Razed","Awe, Keana, Obi, Doma and Lafia LGAs of Nasarawa State

Including villages Uluji, Ayaakeke, Uvirkaa, Kertyo and Usula, among others villages,"
255502,CHA-2018-2-5583-44.1,2018,Fulani - Tiv,Fulani - Tiv,Fulani,Tiv,Nasarawa state,Keana lga,8.16746,8.76829,2018-04-14,2018-04-19,0,15,0,0,15,16,15,"""All Africa,2018-04-17,32 Killed in Fresh Herdsmen Attacks in Nasarawa"";""BBC Monitoring Africa,2018-04-16,'Gunmen' reportedly kill villagers in north-central Nigeria"";""All Africa,2018-04-18,Senate Wants Service Chiefs Sacked As Herdsmen Kill 78"";""All Africa,2018-04-19,17 Victims of Suspected Herdsmen Killings Get Mass Burial in Nasarawa"";""All Africa,2018-04-22,Fresh Massacre in Benue, Zamfara - 61 Killed, 82 Houses Razed""","32 Killed in Fresh Herdsmen Attacks in Nasarawa;'Gunmen' reportedly kill villagers in north-central Nigeria;Senate Wants Service Chiefs Sacked As Herdsmen Kill 78;17 Victims of Suspected Herdsmen Killings Get Mass Burial in Nasarawa;Fresh Massacre in Benue, Zamfara - 61 Killed, 82 Houses Razed","Awe, Keana, Obi, Doma and Lafia LGAs of Nasarawa State

Including villages Uluji, Ayaakeke, Uvirkaa, Kertyo and Usula, among others villages,"
255522,CHA-2018-2-5583-45,2018,Fulani - Tiv,Fulani - Tiv,Fulani,Tiv,Benue state,Guma lga,7.7166,8.899,2018-04-18,2018-04-19,0,6,0,0,6,10,3,"""All Africa,2018-04-20,Another Bloody Day in Benue As Herdsmen Kill 10 in Agasha"";""Nigeria Watch,2018-04-19,Fulani Herdsmen, Benue"";""The Nation,2018-04-19,Six Tiv farmers killed by Fulani herdsmen""","Another Bloody Day in Benue As Herdsmen Kill 10 in Agasha;Fulani Herdsmen, Benue;Six Tiv farmers killed by Fulani herdsmen",Agasha community in Guma Local Government Area of Benue State
255967,CHA-2018-2-5583-58,2018,Fulani - Tiv,Fulani - Tiv,Fulani,Tiv,Benue state,Logo lga,7.81875,9.24534,2018-04-19,2018-04-19,0,3,0,0,3,3,1,"""Nigeria Watch,2018-04-19,Herdsman Kill 1, Benue"";""Daily Post,2018-04-20,Ameh Comrade Godwin""","Herdsman Kill 1, Benue;Ameh Comrade Godwin","Anyiin, Logo LGA, Benue"
271406,CHA-2018-2-5583-46.2,2018,Fulani - Tiv,Fulani - Tiv,Fulani,Tiv,Benue state,Guma lga,7.680516,9.132059,2018-04-20,2018-04-21,0,4,0,0,4,4,4,"""All Africa,2018-04-21,Ten Killed As Gunmen Sack Benue Communities Overnight"";""The Guardian,2018-04-22, 20 Killed, many injured, as herdsmen attack Ortom’s village"";""All Africa,2018-04-22,Fresh Massacre in Benue, Zamfara - 61 Killed, 82 Houses Razed"";""Nigeria Watch,2018-04-21,Herdsmen Attack, Benue""","Ten Killed As Gunmen Sack Benue Communities Overnight; 20 Killed, many injured, as herdsmen attack Ortom’s village;Fresh Massacre in Benue, Zamfara - 61 Killed, 82 Houses Razed;Herdsmen Attack, Benue","Agenke, Saghev Ward of Guma Local Gvernment Area, Benue State"
271407,CHA-2018-2-5583-46.3,2018,Fulani - Tiv,Fulani - Tiv,Fulani,Tiv,Benue state,Guma lga,7.583686,9.179771,2018-04-20,2018-04-21,0,4,0,0,4,4,4,"""All Africa,2018-04-21,Ten Killed As Gunmen Sack Benue Communities Overnight"";""The Guardian,2018-04-22, 20 Killed, many injured, as herdsmen attack Ortom’s village"";""All Africa,2018-04-22,Fresh Massacre in Benue, Zamfara - 61 Killed, 82 Houses Razed"";""Nigeria Watch,2018-04-21,Herdsmen Attack, Benue""","Ten Killed As Gunmen Sack Benue Communities Overnight; 20 Killed, many injured, as herdsmen attack Ortom’s village;Fresh Massacre in Benue, Zamfara - 61 Killed, 82 Houses Razed;Herdsmen Attack, Benue","Tse-Ginde, Saghev Ward of Guma Local Gvernment Area, Benue State"
271408,CHA-2018-2-5583-46.4,2018,Fulani - Tiv,Fulani - Tiv,Fulani,Tiv,Benue state,Guma lga,7.731484,8.977781,2018-04-20,2018-04-21,0,3,0,0,3,5,3,"""All Africa,2018-04-21,Ten Killed As Gunmen Sack Benue Communities Overnight"";""The Guardian,2018-04-22, 20 Killed, many injured, as herdsmen attack Ortom’s village"";""All Africa,2018-04-22,Fresh Massacre in Benue, Zamfara - 61 Killed, 82 Houses Razed"";""Nigeria Watch,2018-04-21,Herdsmen Attack, Benue""","Ten Killed As Gunmen Sack Benue Communities Overnight; 20 Killed, many injured, as herdsmen attack Ortom’s village;Fresh Massacre in Benue, Zamfara - 61 Killed, 82 Houses Razed;Herdsmen Attack, Benue","Tse-Ikyo, Saghev Ward of Guma Local Gvernment Area, Benue State"
271409,CHA-2018-2-5583-46.5,2018,Fulani - Tiv,Fulani - Tiv,Fulani,Tiv,Benue state,Guma lga,7.660732,9.153375,2018-04-20,2018-04-21,0,3,0,0,3,5,3,"""All Africa,2018-04-21,Ten Killed As Gunmen Sack Benue Communities Overnight"";""The Guardian,2018-04-22, 20 Killed, many injured, as herdsmen attack Ortom’s village"";""All Africa,2018-04-22,Fresh Massacre in Benue, Zamfara - 61 Killed, 82 Houses Razed"";""Nigeria Watch,2018-04-21,Herdsmen Attack, Benue""","Ten Killed As Gunmen Sack Benue Communities Overnight; 20 Killed, many injured, as herdsmen attack Ortom’s village;Fresh Massacre in Benue, Zamfara - 61 Killed, 82 Houses Razed;Herdsmen Attack, Benue","Unzughul in Saghev Ward of Guma Local Gvernment Area, Benue State"
255783,CHA-2018-2-5583-46.1,2018,Fulani - Tiv,Fulani - Tiv,Fulani,Tiv,Benue state,Guma lga,7.96667,8.76667,2018-04-20,2018-04-21,0,11,0,0,11,13,11,"""All Africa,2018-04-21,Ten Killed As Gunmen Sack Benue Communities Overnight"";""The Guardian,2018-04-22, 20 Killed, many injured, as herdsmen attack Ortom’s village"";""All Africa,2018-04-22,Fresh Massacre in Benue, Zamfara - 61 Killed, 82 Houses Razed"";""Nigeria Watch,2018-04-21,Herdsmen Attack, Benue""","Ten Killed As Gunmen Sack Benue Communities Overnight; 20 Killed, many injured, as herdsmen attack Ortom’s village;Fresh Massacre in Benue, Zamfara - 61 Killed, 82 Houses Razed;Herdsmen Attack, Benue","Communities Tse-Abi, Tse-Peviv and Gbenke, in Saghev Ward of Guma Local Gvernment Area, Benue State"
255796,CHA-2018-2-5583-47,2018,Fulani - Tiv,Fulani - Tiv,Fulani,Tiv,Benue state,Ukum lga,7.807136,9.476681,2018-04-21,2018-04-21,0,1,0,0,1,1,1,"""All Africa,2018-04-23,Herdsmen Mount Road Block, Kill Unsuspecting Traveller in Benue""","Herdsmen Mount Road Block, Kill Unsuspecting Traveller in Benue","between Iorza and Jootar along Anyiin-Gbeji road, the road block at Jootar on Anyiin-Gbeji road, in Logo local government of Benue State"
255816,CHA-2018-2-5583-48,2018,Fulani - Tiv,Fulani - Tiv,Fulani,Tiv,Benue state,Gwer East lga,7.507617,8.443174,2018-04-24,2018-04-24,0,16,0,0,16,19,16,"""BBC Monitoring Africa,2018-04-24,'Herdsmen' reportedly kill two Catholic priests in Nigeria"";""Agence France Presse,2018-04-24,Eighteen killed in Nigerian church by suspected herdsmen"";""BBC Monitoring Africa,2018-04-24,Nigeria police boosts security following attack on church"";""All Africa,2018-04-25,How 2 Priests, 17 Parishioners Were Killed in Benue Church"";""BBC Monitoring Africa,2018-04-25,Catholics blame jihadists for Nigeria church attack"";""All Africa,2018-04-27,Buhari Speaks On Benue Killings, Warns of 'Evil Agenda'  
CR  Premium Times"";""Agence France Presse,2018-04-24,Eighteen killed in Nigerian church by suspected herdsmen"";""Crisis Watch,2018-04-30,Nigeria  APRIL 2018"";""Africa Research Bulletin,2018-06-04,Africa Research Bulletin 1-30 April 2018, Vol 55 issue 4"";""All Africa,2018-05-24,'Buhari Must Wake Up' Bishops Say After Church Attack  
CR  Deutsche Welle"";""All Africa,2018-06-22,Benue Church Attack - the Untold Story of Ukpo, Ayar Mbalom"";""HARVEST OF DEATH. THREE YEARS OF BLOODY CLASHES BETWEEN FARMERS AND HERDERS IN NIGERIA,2018-12-17,4.9 TWO PRIESTS AMONG 16 VILLAGERS KILLED IN BENUE COMMUNITY""","'Herdsmen' reportedly kill two Catholic priests in Nigeria;Eighteen killed in Nigerian church by suspected herdsmen;Nigeria police boosts security following attack on church;How 2 Priests, 17 Parishioners Were Killed in Benue Church;Catholics blame jihadists for Nigeria church attack;Buhari Speaks On Benue Killings, Warns of 'Evil Agenda'  
CR  Premium Times;Eighteen killed in Nigerian church by suspected herdsmen;Nigeria  APRIL 2018;Africa Research Bulletin 1-30 April 2018, Vol 55 issue 4;'Buhari Must Wake Up' Bishops Say After Church Attack  
CR  Deutsche Welle;Benue Church Attack - the Untold Story of Ukpo, Ayar Mbalom;4.9 TWO PRIESTS AMONG 16 VILLAGERS KILLED IN BENUE COMMUNITY","Ayar-Mbalom, Gwer East Local Government Area of Benue State, Mabalom community"
255823,CHA-2018-2-5583-111.1,2018,Fulani - Tiv,Fulani - Tiv,Fulani,Tiv,Benue state,Guma lga,7.981381,8.762348,2018-04-24,2018-04-25,0,15,0,0,15,15,15,"""All Africa,2018-04-26,Again, Herdsmen Launch Coordinated Attacks On Benue Communities, Kill 39"";""Vanguard ,2018-04-25,BREAKING: Again, herdsmen kill 39, sack and raze three communities in Benue ""","Again, Herdsmen Launch Coordinated Attacks On Benue Communities, Kill 39;BREAKING: Again, herdsmen kill 39, sack and raze three communities in Benue",Tse-Umenge
255843,CHA-2018-2-5583-50,2018,Fulani - Tiv,Fulani - Tiv,Fulani,Tiv,Nasarawa state,Awe lga,8.27456,9.1849,2018-04-24,2018-04-24,0,7,0,0,7,7,7,"""All Africa,2018-04-26,Again, Suspected Herdsmen Kill Seven Tiv Farmers in Nasarawa"";""The Guardian,2018-04-26, Again, suspected herdsmen kill seven Tiv farmers in Nasarawa""","Again, Suspected Herdsmen Kill Seven Tiv Farmers in Nasarawa; Again, suspected herdsmen kill seven Tiv farmers in Nasarawa",at Ihuman Village in Awe Local Council of Nasarawa State
279882,CHA-2018-2-5583-111.2,2018,Fulani - Tiv,Fulani - Tiv,Fulani,Tiv,Benue state,Guma lga,7.96667,8.76667,2018-04-24,2018-04-25,0,24,0,0,24,24,24,"""All Africa,2018-04-26,Again, Herdsmen Launch Coordinated Attacks On Benue Communities, Kill 39"";""Vanguard ,2018-04-25,BREAKING: Again, herdsmen kill 39, sack and raze three communities in Benue ""","Again, Herdsmen Launch Coordinated Attacks On Benue Communities, Kill 39;BREAKING: Again, herdsmen kill 39, sack and raze three communities in Benue","Mbakpase, Saghev council ward and Tse-Ali, Mbawa council ward"
255977,CHA-2018-2-5583-60,2018,Fulani - Tiv,Fulani - Tiv,Fulani,Tiv,Benue state,Logo lga,7.68922,9.25049,2018-04-26,2018-04-26,0,7,0,0,7,7,7,"""Nigeria Watch,2018-04-26,Fulani Herdsmen Attack, Benue"";""Africa Research Bulletin,2018-06-04,Africa Research Bulletin 1-30 April 2018, Vol 55 issue 4"";""Scan News,2018-04-26,Again, African Church in Logo LGA Benue state invaded with seven deaths recorded."";""Vanguard ,2018-04-27,On the serial killings in Benue churches  Read more at: https://www.vanguardngr.com/2018/04/serial-killings-benue-churches/""","Fulani Herdsmen Attack, Benue;Africa Research Bulletin 1-30 April 2018, Vol 55 issue 4;Again, African Church in Logo LGA Benue state invaded with seven deaths recorded.;On the serial killings in Benue churches  Read more at: https://www.vanguardngr.com/2018/04/serial-killings-benue-churches/","the Africa Church, Mbamondo, Ukemberagya/Tswarev ward of Gaambe-Tiev in Logo local government area of Benue State"
256416,CHA-2018-2-5583-61,2018,Fulani - Tiv,Fulani - Tiv,Fulani,Tiv,Benue state,Guma lga,8.160068,8.591141,2018-05-01,2018-05-02,0,10,0,0,10,10,10,"""BBC Monitoring Africa,2018-05-03,Suspected herders kill six in Nigeria's Benue State"";""All Africa,2018-05-17,220 Nigerians Killed in 2 Weeks - Rights Group"";""Daily Post,2018-05-01,10 killed as herdsmen attack Guma in Benue"";""Nigeria Watch,2018-05-01,Herdsmen Attack, Benue""","Suspected herders kill six in Nigeria's Benue State;220 Nigerians Killed in 2 Weeks - Rights Group;10 killed as herdsmen attack Guma in Benue;Herdsmen Attack, Benue","Tse-Iyortyer/Tse Iortyer, Yelwata in Guma Local Government Area of Benue State"
256665,CHA-2018-2-5583-97,2018,Fulani - Tiv,Fulani - Tiv,Fulani,Tiv,Benue state,Gwer East lga,7.572469,8.596875,2018-05-16,2018-05-17,0,0,0,0,0,6,0,"""BBC Monitoring Africa,2018-05-20,Six bodies recovered in Nigeria after 'herdsmen' attack""",Six bodies recovered in Nigeria after 'herdsmen' attack,"near Ikpayongo, Gwer local government area of Benue State"
256657,CHA-2018-2-5583-63,2018,Fulani - Tiv,Fulani - Tiv,Fulani,Tiv,Benue state,Logo lga,7.68922,9.25049,2018-05-16,2018-05-16,0,3,0,0,3,3,3,"""All Africa,2018-05-18,3 Slaughtered By Herdsmen, 10 Killed By Bandits in Fresh Kaduna, Benue Attacks"";""All Africa,2018-05-18,Bandits Kill 10 in Birnin Gwari""","3 Slaughtered By Herdsmen, 10 Killed By Bandits in Fresh Kaduna, Benue Attacks;Bandits Kill 10 in Birnin Gwari","communities which included Tse-Mue, Torkaa, Mgbakpa, Torjem and Ifer villages in Logo Local Government Area of Benue State, 
Ukemberagya community, Gaambe-Tiev council ward of Logo local government area"
256658,CHA-2018-2-5583-64,2018,Fulani - Tiv,Fulani - Tiv,Fulani,Tiv,Benue state,Logo lga,7.68922,9.25049,2018-05-17,2018-05-17,0,3,0,0,3,3,3,"""BBC Monitoring Africa,2018-05-18,Nigeria herders raid locality day after vice-president visit"";""Nigeria Watch,2018-05-17,[highlight color=11]Fulani[/highlight] Herdsmen Attack, Benue""","Nigeria herders raid locality day after vice-president visit;[highlight color=11]Fulani[/highlight] Herdsmen Attack, Benue","Ukemberagya community, Gaambe-Tiev council ward of Logo Local Government Area"
256860,CHA-2018-2-5583-71,2018,Fulani - Tiv,Fulani - Tiv,Fulani,Tiv,Benue state,Logo lga,7.81875,9.24534,2018-05-20,2018-05-20,0,5,0,0,5,5,5,"""Nigeria Watch,2018-05-20,Herdsmen Attack, Benue"";""The Punch,2018-05-21,Again, herdsmen kill five in Benue""","Herdsmen Attack, Benue;Again, herdsmen kill five in Benue","Michia settlement in Gaambe-Tiev, a few kilometers from Anyiin town, Logo LGA, Benue state"
256862,CHA-2018-2-5583-72,2018,Fulani - Tiv,Fulani - Tiv,Fulani,Tiv,Benue state,Gwer West lga,7.650111,8.377199,2018-05-22,2018-05-22,0,3,0,0,3,3,3,"""Nigeria Watch,2018-05-24,[highlight color=11]Fulani[/highlight] Herdsmen Attack, Benue"";""Vanguarfd,2018-05-24,Three mourners killed by suspected herdsmen on Makurdi-Naka road  Read more at: https://www.vanguardngr.com/2018/05/three-mourners-killed-suspected-herdsmen-makurdi-naka-road/""","[highlight color=11]Fulani[/highlight] Herdsmen Attack, Benue;Three mourners killed by suspected herdsmen on Makurdi-Naka road  Read more at: https://www.vanguardngr.com/2018/05/three-mourners-killed-suspected-herdsmen-makurdi-naka-road/","Naka/Makurdi Road, Gwer West LGA, Benue state, just few kilometers from the heart of Makurdi town"
256864,CHA-2018-2-5583-73,2018,Fulani - Tiv,Fulani - Tiv,Fulani,Tiv,Benue state,Logo lga,7.68922,9.25049,2018-05-26,2018-05-26,0,2,0,0,2,2,2,"""Nigeria Watch,2018-05-26,Herdsmen Attack, Benue"";""Vanguard ,2018-05-29,Couple, 5 others killed by herdsmen, fuel tanker explosion in Benue  Read more at: https://www.vanguardngr.com/2018/05/couple-5-others-killed-herdsmen-fuel-tanker-explosion-benue/""","Herdsmen Attack, Benue;Couple, 5 others killed by herdsmen, fuel tanker explosion in Benue  Read more at: https://www.vanguardngr.com/2018/05/couple-5-others-killed-herdsmen-fuel-tanker-explosion-benue/","close to Tse Adendem village, between  Iorza and Anyiin, Logo LGA, Benue"
256865,CHA-2018-2-5583-74,2018,Fulani - Tiv,Fulani - Tiv,Fulani,Tiv,Benue state,Guma lga,7.96667,8.76667,2018-05-27,2018-05-27,0,1,0,0,1,1,1,"""Nigeria Watch,2018-05-27,Herdsmen Attack, Benue"";""Vanguard ,2018-05-29,Couple, 5 others killed by herdsmen, fuel tanker explosion in Benue  Read more at: https://www.vanguardngr.com/2018/05/couple-5-others-killed-herdsmen-fuel-tanker-explosion-benue/""","Herdsmen Attack, Benue;Couple, 5 others killed by herdsmen, fuel tanker explosion in Benue  Read more at: https://www.vanguardngr.com/2018/05/couple-5-others-killed-herdsmen-fuel-tanker-explosion-benue/","Tse Shitenger in Uvir council ward of Guma Local Government,  Benue state"
256850,CHA-2018-2-5583-69,2018,Fulani - Tiv,Fulani - Tiv,Fulani,Tiv,Benue state,Guma lga,7.96667,8.76667,2018-05-28,2018-05-28,0,0,0,5,5,5,5,"""Crisis Watch,2018-05-31,May 2018 Nigeria""",May 2018 Nigeria,"Guma area, Benue state"
256867,CHA-2018-2-5583-75,2018,Fulani - Tiv,Fulani - Tiv,Fulani,Tiv,Benue state,Logo lga,7.81875,9.24534,2018-05-31,2018-05-31,0,2,0,0,2,2,2,"""Nigeria Watch,2018-05-31,Herdsmen Attack, Benue"";""Vanguard ,2018-06-01,Herdsmen ambush travelers, kill two, injured others in Benue ""","Herdsmen Attack, Benue;Herdsmen ambush travelers, kill two, injured others in Benue","Close to Mbazar community between Anyiin and Akwana communities, Logo LGA, Benue state"
256749,CHA-2018-2-5583-67,2018,Fulani - Tiv,Fulani - Tiv,Fulani,Tiv,Benue state,Kwande lga,6.56975,9.56372,2018-06-03,2018-06-03,0,7,0,0,7,7,7,"""Agence France Presse,2018-06-03,At least 13 killed in two central Nigeria attacks: officials"";""All Africa,2018-06-04,Seven Killed, Six Injured, Houses Burnt in Fresh Benue Attack - Official  
CR  Premium Times"";""All Africa,2018-06-04,16 Feared Dead in Fresh Benue Attacks"";""Crisis Watch,2018-06-30,Nigeria June 2018"";""Nigeria Watch,2018-06-02,IBD014033""","At least 13 killed in two central Nigeria attacks: officials;Seven Killed, Six Injured, Houses Burnt in Fresh Benue Attack - Official  
CR  Premium Times;16 Feared Dead in Fresh Benue Attacks;Nigeria June 2018;IBD014033","Tseadough village/ Tse-Adough, Iyaav district, Kwande local government, Benue state"
258346,CHA-2018-2-5583-78,2018,Fulani - Tiv,Fulani - Tiv,Fulani,Tiv,Benue state,Guma lga,8.160068,8.591141,2018-06-04,2018-06-04,0,2,0,0,2,2,2,"""Agence France Presse,2018-06-07,15 killed in clashes in central Nigeria"";""All Africa,2018-06-07,Coordinated Attacks in Guma, Logo - 15 Mourners, NECO Exams Candidates Killed By Herdsmen""","15 killed in clashes in central Nigeria;Coordinated Attacks in Guma, Logo - 15 Mourners, NECO Exams Candidates Killed By Herdsmen","Mbawa council ward near Yelwata, Benue State"
258338,CHA-2018-2-5583-77,2018,Fulani - Tiv,Fulani - Tiv,Fulani,Tiv,Benue state,Guma lga,7.96667,8.76667,2018-06-06,2018-06-06,0,8,0,0,8,10,8,"""Vanguard ,2018-06-07,Coordinated attacks in Guma, Logo: 15 mourners, NECO exams candidates killed by herdsmen "";""Agence France Presse,2018-06-07,15 killed in clashes in central Nigeria"";""All Africa,2018-06-08,Benue, Groups, Others Fault Minister's Call for Halt to Anti-Grazing Laws in States"";""Nigeria Watch,2018-06-06,Herdsmen Attack, Benue""","Coordinated attacks in Guma, Logo: 15 mourners, NECO exams candidates killed by herdsmen ;15 killed in clashes in central Nigeria;Benue, Groups, Others Fault Minister's Call for Halt to Anti-Grazing Laws in States;Herdsmen Attack, Benue","village of Tse Ishav, near Guma, Benue State"
258353,CHA-2018-2-5583-79,2018,Fulani - Tiv,Fulani - Tiv,Fulani,Tiv,Benue state,Logo lga,7.838852,9.32397,2018-06-06,2018-06-06,0,5,0,0,5,5,5,"""Agence France Presse,2018-06-07,15 killed in clashes in central Nigeria"";""Nigeria Watch,2018-06-06,Herdsmen Attack, Benue""","15 killed in clashes in central Nigeria;Herdsmen Attack, Benue","Tse Igbur village, Logo district"
258373,CHA-2018-2-5583-80,2018,Fulani - Tiv,Fulani - Tiv,Fulani,Tiv,Benue state,Guma lga,7.89098,8.76118,2018-06-06,2018-06-06,0,7,0,2,9,9,9,"""All Africa,2018-06-08,Benue, Groups, Others Fault Minister's Call for Halt to Anti-Grazing Laws in States""","Benue, Groups, Others Fault Minister's Call for Halt to Anti-Grazing Laws in States",Tse Zongu settlement in Mbagwen Ward
258422,CHA-2018-2-5583-81,2018,Fulani - Tiv,Fulani - Tiv,Fulani,Tiv,Nasarawa state,Obi lga,8.34738,8.72769,2018-06-12,2018-06-12,0,1,0,0,1,1,1,"""All Africa,2018-06-13,One Feared Killed, Another Missing in Suspected Herdsmen's Attack in Nasarawa"";""Nigeria Watch,2018-06-12,[highlight color=12]Fulani[/highlight] Herdsmen Attack, Nasarawa""","One Feared Killed, Another Missing in Suspected Herdsmen's Attack in Nasarawa;[highlight color=12]Fulani[/highlight] Herdsmen Attack, Nasarawa","in Gada-Biu village of Obi Local Government Area, Nasarawa"
258769,CHA-2018-2-5583-84,2018,Fulani - Tiv,Fulani - Tiv,Fulani,Tiv,Nasarawa state,Keana lga,8.16746,8.76829,2018-06-13,2018-06-13,0,4,0,0,4,4,4,"""Nigeria Watch,2018-06-13,[highlight color=12]Fulani[/highlight] Herdsmen Attack, Nasarawa""","[highlight color=12]Fulani[/highlight] Herdsmen Attack, Nasarawa","Antsa village of Kwarra District, Keana LGA"
258800,CHA-2018-2-5583-86,2018,Fulani - Tiv,Fulani - Tiv,Fulani,Tiv,Benue state,Logo lga,7.68922,9.25049,2018-07-05,2018-07-05,0,3,0,0,3,3,3,"""Nigeria Watch,2018-07-05,Herdsmen Attack, Benue""","Herdsmen Attack, Benue","Tse-Tyodugh, Tiza, Tombo Ward, Logo LGA, Benue"
269193,CHA-2018-2-5583-92.2,2018,Fulani - Tiv,Fulani - Tiv,Fulani,Tiv,Benue state,Guma lga,7.96667,8.76667,2018-10-24,2018-10-26,0,2,0,0,2,2,2,"""Vanguard ,2018-10-26,Again, suspected herdsmen kill three, chase returning IDPs from their homes in Benue""","Again, suspected herdsmen kill three, chase returning IDPs from their homes in Benue",Angela community in Guma local government area of Benue state
269189,CHA-2018-2-5583-92.1,2018,Fulani - Tiv,Fulani - Tiv,Fulani,Tiv,Benue state,Guma lga,7.9974,8.4467,2018-10-24,2018-10-26,0,1,0,0,1,1,1,"""Vanguard ,2018-10-26,Again, suspected herdsmen kill three, chase returning IDPs from their homes in Benue""","Again, suspected herdsmen kill three, chase returning IDPs from their homes in Benue",at Tse Goom Yogbo and Angela community in Guma local government area of Benue state
274656,CHA-2018-2-5583-95,2018,Fulani - Tiv,Fulani - Tiv,Fulani,Tiv,Benue state,Logo lga,7.68922,9.25049,2018-12-21,2018-12-21,0,4,0,0,4,4,4,"""The Nation,2018-12-22,Four farmers killed by suspected herdsmen in Benue"";""Vox Peccavi,2019-01-06,NORTHERN NIGERIA INTERNAL SECURITY SITREP- Week Ending 22 December 2018"";""Independent,2018-12-23,Herdsmen Attack: Four Feared Dead In Benue""",Four farmers killed by suspected herdsmen in Benue;NORTHERN NIGERIA INTERNAL SECURITY SITREP- Week Ending 22 December 2018;Herdsmen Attack: Four Feared Dead In Benue,"Tse-Dzungwe, located on the banks of River Benue,  Logo Local Government Area of  Benue State"
274544,CHA-2018-2-5583-94,2018,Fulani - Tiv,Fulani - Tiv,Fulani,Tiv,Benue state,Logo lga,7.68922,9.25049,2018-12-24,2018-12-25,0,1,0,0,1,1,1,"""All Africa,2018-12-28,Police Confirm Killing of Farmer in Benue State

AU 	
Joseph Wantu"";""Vox Peccavi,2019-01-18,NORTHERN NIGERIA INTERNAL SECURITY SITREP- Week Ending 29 December 2018""","Police Confirm Killing of Farmer in Benue State

AU 	
Joseph Wantu;NORTHERN NIGERIA INTERNAL SECURITY SITREP- Week Ending 29 December 2018","UKEMBERAGYA GAAMBE-TIEV Village, LOGO LGA, BENUE State

Anawah settlement in Ukemberagya Gaambe-Tiev, Logo LGA"
277264,CHA-2019-2-5583-1,2019,Fulani - Tiv,Fulani - Tiv,Fulani,Tiv,Benue state,Gwer West lga,7.5987,8.0907,2019-01-21,2019-01-21,0,4,0,0,4,4,4,"""Nigeria Watch,2019-01-23,Identifier	IBD015685"";""Punch,2019-01-27,Residents disagree with Ortom on killings"";""US Nigeria Law Group,2019-03-16,RECAPITULATION OF FULANI TERRORISM IN GWER WEST LOCAL GOVERNMENT AREA OF BENUE STATE FROM JANUARY - MARCH, 2019""","Identifier	IBD015685;Residents disagree with Ortom on killings;RECAPITULATION OF FULANI TERRORISM IN GWER WEST LOCAL GOVERNMENT AREA OF BENUE STATE FROM JANUARY - MARCH, 2019","Gwer, Gwer East, benue

Tse Abe, Tongov in Gwer West"
277267,CHA-2019-2-5583-2,2019,Fulani - Tiv,Fulani - Tiv,Fulani,Tiv,Benue state,Logo lga,7.68922,9.25049,2019-01-23,2019-01-23,0,0,0,0,0,1,0,"""Nigeria Watch,2019-01-23,Identifier	IBD015688"";""Punch,2019-01-27,Residents disagree with Ortom on killings""",Identifier	IBD015688;Residents disagree with Ortom on killings,Logo LGA
277262,CHA-2019-2-5583-0,2019,Fulani - Tiv,Fulani - Tiv,Fulani,Tiv,Benue state,Guma lga,7.96667,8.76667,2019-01-23,2019-01-23,0,0,0,0,0,3,0,"""Punch,2019-01-27,Residents disagree with Ortom on killings"";""Nigeria Watch,2019-01-23,Identifier	IBD015687""",Residents disagree with Ortom on killings;Identifier	IBD015687,Guma
277335,CHA-2019-2-5583-3,2019,Fulani - Tiv,Fulani - Tiv,Fulani,Tiv,Benue state,Guma lga,7.716274,8.882735,2019-02-04,2019-02-04,0,2,0,0,2,3,2,"""Nigeria Watch,2019-02-04,Identifier	IBD015755"";""The Sun,2019-02-05,Again, suspected herdsmen attack Benue communities"";""Legit.ng,2019-02-05,Suspected herders kill 3, set houses ablaze in Benue community Read more: https://www.legit.ng/1220163-suspected-herders-kill-3-set-houses-ablaze-benue-community.html""","Identifier	IBD015755;Again, suspected herdsmen attack Benue communities;Suspected herders kill 3, set houses ablaze in Benue community Read more: https://www.legit.ng/1220163-suspected-herders-kill-3-set-houses-ablaze-benue-community.html","Tomatar village and environs, Guma"
279503,NIG-2019-2-12341-0,2019,Agatu - Fulani,Agatu - Fulani,Agatu,Fulani,Benue state,Agatu lga,7.982037,7.833218,2019-02-20,2019-02-20,14,0,0,3,17,17,17,"""All Africa,2019-02-21,Again, Herdsmen Kill 17 People in Benue

AU 	
George Okoh"";""Crisis Watch,2019-02-28,Nigeria  FEBRUARY 2019""","Again, Herdsmen Kill 17 People in Benue

AU 	
George Okoh;Nigeria  FEBRUARY 2019","Ebete, Usha ward in Agatu Local Government Area of Benue State"
282417,CHA-2019-2-5583-5,2019,Fulani - Tiv,Fulani - Tiv,Fulani,Tiv,Benue state,Guma lga,7.96667,8.76667,2019-03-19,2019-03-19,0,0,0,0,0,10,0,"""Vanguard ,2019-03-20,10 feared dead in fresh herdsmen attack on Guma LGA of Benue"";""All Africa,2019-03-21,10 Feared Dead in Fresh Benue Attack"";""Nigeria Watch,2019-03-19,IBD016067""",10 feared dead in fresh herdsmen attack on Guma LGA of Benue;10 Feared Dead in Fresh Benue Attack;IBD016067,"on Tse Ioreleegeb, Babai council ward of Guma local government area of Benue state"
282585,CHA-2019-2-5583-7,2019,Fulani - Tiv,Fulani - Tiv,Fulani,Tiv,Benue state,Logo lga,7.772936,9.130232,2019-03-28,2019-03-29,0,4,0,0,4,4,4,"""The Nation,2019-03-29,Suspected herdsmen kill four farmers in Benue community"";""Nigeria Watch,2019-01-29,IBD016129""",Suspected herdsmen kill four farmers in Benue community;IBD016129,"in Ayilamo, Tombo ward, Logo local government area in Benue state"
287344,CHA-2019-2-14009-0.1,2019,Fulani - Jukun,Fulani - Jukun,Fulani,Jukun,Taraba state,Jalingo lga,8.90904,11.39312,2019-05-01,2019-05-31,0,0,0,0,0,20,0,"""Business Day (Nigeria) via Pressreader,2019-06-02,Fulani herdsmen killed 51 of our people - Fr. Kamai""",Fulani herdsmen killed 51 of our people - Fr. Kamai,Jalingo and Ardo-kola LGAS
287898,CHA-2019-2-14009-0.2,2019,Fulani - Jukun,Fulani - Jukun,Fulani,Jukun,Taraba state,Ardo-Kola lga,8.80359,11.16707,2019-05-01,2019-05-31,0,0,0,0,0,20,0,"""Business Day (Nigeria) via Pressreader,2019-06-02,Fulani herdsmen killed 51 of our people - Fr. Kamai""",Fulani herdsmen killed 51 of our people - Fr. Kamai,Jalingo and Ardo-kola LGAS
287351,CHA-2019-2-14009-1.2,2019,Fulani - Jukun,Fulani - Jukun,Fulani,Jukun,Taraba state,Jalingo lga,8.96059,11.2595,2019-05-07,2019-05-07,0,0,0,5,5,5,3,"""Vanguard ,2019-05-09,Worsening insecurity: Gunmen storm Sokoto community, kill monarch, raze police station"";""Nigeria Watch,2019-05-06,IBD016456"";""Nigeria Watch,2019-05-07,IBD016468"";""Business Day (Nigeria) via Pressreader,2019-06-02,Fulani herdsmen killed 51 of our people - Fr. Kamai""","Worsening insecurity: Gunmen storm Sokoto community, kill monarch, raze police station;IBD016456;IBD016468;Fulani herdsmen killed 51 of our people - Fr. Kamai","on Murbai, Kisbap and Yawai-Abare villages OR on Murbai and Sembe village, the outskirts of Jalingo, the Taraba State capital"
286755,CHA-2019-2-14009-1.1,2019,Fulani - Jukun,Fulani - Jukun,Fulani,Jukun,Taraba state,Jalingo lga,8.88333,11.36667,2019-05-07,2019-05-07,0,0,0,6,6,6,3,"""Vanguard ,2019-05-09,Worsening insecurity: Gunmen storm Sokoto community, kill monarch, raze police station"";""Nigeria Watch,2019-05-07,IBD016468"";""Nigeria Watch,2019-05-06,IBD016456"";""Business Day (Nigeria) via Pressreader,2019-06-02,Fulani herdsmen killed 51 of our people - Fr. Kamai""","Worsening insecurity: Gunmen storm Sokoto community, kill monarch, raze police station;IBD016468;IBD016456;Fulani herdsmen killed 51 of our people - Fr. Kamai","on Murbai, Kisbap and Yawai-Abare villages OR on Murbai and Sembe village, the outskirts of Jalingo, the Taraba State capital"
290321,CHA-2019-2-14009-2,2019,Fulani - Jukun,Fulani - Jukun,Fulani,Jukun,Taraba state,Ardo-Kola lga,8.80359,11.16707,2019-06-16,2019-06-16,0,0,0,1,1,6,1,"""Vanguard ,2019-06-18,33 killed, dozens injured, houses burnt in triple suicide bombing, violence in Borno, Taraba"";""All Africa,2019-06-18,One Killed, 6 Vehicles Destroyed in Kona, Fulani Clash"";""Vanguard ,2019-06-18,Women protest killings in Taraba""","33 killed, dozens injured, houses burnt in triple suicide bombing, violence in Borno, Taraba;One Killed, 6 Vehicles Destroyed in Kona, Fulani Clash;Women protest killings in Taraba",Tudiri village in Ardo Kola Local Government Area
294277,CHA-2019-2-5583-8,2019,Fulani - Tiv,Fulani - Tiv,Fulani,Tiv,Nasarawa state,Obi lga,8.34738,8.72769,2019-07-24,2019-07-24,0,2,0,0,2,2,2,"""Nigeria Watch,2019-07-24,IBD017016"";""The Guardian,2019-07-25,Two women feared killed as herdsmen attack Tiv in Nasarawa, cleric urges peace in Taraba""","IBD017016;Two women feared killed as herdsmen attack Tiv in Nasarawa, cleric urges peace in Taraba","Ibuam village of Adudu, Obi LGA, Nasarawa state"
322915,CHA-2019-2-5583-9,2019,Fulani - Tiv,Fulani - Tiv,Fulani,Tiv,Taraba state,Gassol lga,8.47269,10.5442,2019-12-26,2019-12-26,0,2,0,0,2,2,2,"""Nigeria Watch,2019-12-26,IBD018127"";""The Punch,2019-12-27,Four killed, six injured in Taraba, Gombe attacks""","IBD018127;Four killed, six injured in Taraba, Gombe attacks","Gonori village, Gassol LGA, Taraba"
328556,CHA-2020-2-5583-1,2020,Fulani - Tiv,Fulani - Tiv,Fulani,Tiv,Benue state,Logo lga,7.68922,9.25049,2020-01-10,2020-01-10,0,0,0,0,0,2,0,"""Nigeria Watch,2020-01-10,IBD018257"";""New Telegrph,2020-01-11,Herdsmen kill two people in fresh Benue village attack""",IBD018257;Herdsmen kill two people in fresh Benue village attack,"along Anyiin- Kente and Tseke-Wukari road,Logo"
327542,CHA-2020-2-5583-0,2020,Fulani - Tiv,Fulani - Tiv,Fulani,Tiv,Nasarawa state,Keana lga,8.16746,8.76829,2020-01-21,2020-01-21,0,4,0,0,4,4,4,"""All Africa,2020-01-22,Gunmen Kill Church Leader, Three Others in Nasarawa""","Gunmen Kill Church Leader, Three Others in Nasarawa",Abebe community in Keana Local Government Area of Nasarawa State
328563,CHA-2020-2-5583-2,2020,Fulani - Tiv,Fulani - Tiv,Fulani,Tiv,Taraba state,Bali lga,8.129947,10.984596,2020-01-26,2020-01-26,1,2,0,0,3,3,3,"""Nigeria Watch,2020-01-26,IBD018396"";""The Punch,2020-01-27,Three killed as Fulani, Tiv farmers clash in Taraba""","IBD018396;Three killed as Fulani, Tiv farmers clash in Taraba","Pangari village, Bali LGA, Taraba State"
334865,CHA-2020-2-5583-3,2020,Fulani - Tiv,Fulani - Tiv,Fulani,Tiv,Benue state,Kwande lga,6.87456,9.60949,2020-03-04,2020-03-04,0,9,0,0,9,9,9,"""All Africa,2020-03-05,Suspected Herdsmen Kill Four Persons in Benue
CR 	This Day"";""Vanguard ,2020-03-11,EXCLUSIVE: 5 more corpses recovered from river, bushes in Benue community after herdsmen attack""","Suspected Herdsmen Kill Four Persons in Benue
CR 	This Day;EXCLUSIVE: 5 more corpses recovered from river, bushes in Benue community after herdsmen attack","Waya, Moon district of Kwande Local Government Area of Benue State

Waya community in Jato-Aka, Kwande Local Government Area"
335105,CHA-2020-2-5583-4,2020,Fulani - Tiv,Fulani - Tiv,Fulani,Tiv,Benue state,Guma lga,7.86616,8.66509,2020-03-13,2020-03-13,0,0,0,4,4,4,0,"""Vanguard ,2020-03-14,Again, suspected armed herdsmen kill seven mourners in Benue communities"";""Idoma Voice,2020-04-26,Blood, tears in Benue as Fulani unleash terror on poor famers""","Again, suspected armed herdsmen kill seven mourners in Benue communities;Blood, tears in Benue as Fulani unleash terror on poor famers",Chongu community in Mbawa council ward of Guma Local Government Area
335112,CHA-2020-2-5583-5,2020,Fulani - Tiv,Fulani - Tiv,Fulani,Tiv,Benue state,Guma lga,7.87783,8.65665,2020-03-14,2020-03-14,0,2,0,0,2,2,2,"""Vanguard ,2020-03-14,Again, suspected armed herdsmen kill seven mourners in Benue communities"";""Idoma Voice,2020-04-26,Blood, tears in Benue as Fulani unleash terror on poor famers""","Again, suspected armed herdsmen kill seven mourners in Benue communities;Blood, tears in Benue as Fulani unleash terror on poor famers","Tyohembe in Mbanyiar, Guma LGA"
335121,CHA-2020-2-5583-6,2020,Fulani - Tiv,Fulani - Tiv,Fulani,Tiv,Benue state,Guma lga,7.90629,8.674,2020-03-14,2020-03-14,0,0,0,1,1,1,1,"""Vanguard ,2020-03-14,Again, suspected armed herdsmen kill seven mourners in Benue communities""","Again, suspected armed herdsmen kill seven mourners in Benue communities","Tse Ayev, Guma LGA"
336342,BEN-2020-2-5583-1,2020,Fulani - Tiv,Fulani - Tiv,Fulani,Tiv,Benue state,Kwande lga,6.80099,9.47021,2020-03-20,2020-03-22,0,1,0,0,1,1,1,"""Daily Trust,2020-03-22,1 killed, 3 missing after gunmen attack Benue community""","1 killed, 3 missing after gunmen attack Benue community",Div-nzaav community in Kwande Local Government Area
338868,CHA-2020-2-5583-7,2020,Fulani - Tiv,Fulani - Tiv,Fulani,Tiv,Benue state,Guma lga,7.96667,8.76667,2020-04-16,2020-04-16,0,1,0,0,1,1,1,"""Vanguard ,2020-04-17,A member of the cooperative, who spoke on condition of anonymity, stated that the armed herders stormed the community at about 1am and started shootings sporadically. According to him, “they  stormed the home of the young man and his family members at about 1 am ,while they were sleeping and opened fire on them. “You know that because of the hot weather, people now sleep outside their houses. So when they stormed the compound they opened fire on the people, who they met sleeping outside, killing the young man and injuring others who tried to flee. “They are presently receiving treatment at the Benue State University Teaching Hospital, BSUTH, in Makurdi. READ ALSO: NSCDC Cooperative Society gets new executives “This is unfortunate because he was somebody I knew very well, a member of our cooperative society who was peaceful and hardworking, it is painful. When contacted, the Police Public Relations Officer, Deputy Superintendent, DSP, Catherine Anene said she was yet to receive details of the incident. ""","A member of the cooperative, who spoke on condition of anonymity, stated that the armed herders stormed the community at about 1am and started shootings sporadically. According to him, “they  stormed the home of the young man and his family members at about 1 am ,while they were sleeping and opened fire on them. “You know that because of the hot weather, people now sleep outside their houses. So when they stormed the compound they opened fire on the people, who they met sleeping outside, killing the young man and injuring others who tried to flee. “They are presently receiving treatment at the Benue State University Teaching Hospital, BSUTH, in Makurdi. READ ALSO: NSCDC Cooperative Society gets new executives “This is unfortunate because he was somebody I knew very well, a member of our cooperative society who was peaceful and hardworking, it is painful. When contacted, the Police Public Relations Officer, Deputy Superintendent, DSP, Catherine Anene said she was yet to receive details of the incident.","Tse Igba community in Mbabai council ward, Guma LGA, of Benue state"
339943,CHA-2020-2-5583-9,2020,Fulani - Tiv,Fulani - Tiv,Fulani,Tiv,Benue state,Guma lga,7.86616,8.66509,2020-04-21,2020-04-21,0,1,0,0,1,1,1,"""Vanguard ,2020-04-22,Armed herdsmen storm Benue community, kill one, shoot scores"";""New Telegraph,2020-04-22,Again, herdsmen attack Ortom’s village, kill one""","Armed herdsmen storm Benue community, kill one, shoot scores;Again, herdsmen attack Ortom’s village, kill one","Chongu Gugor village, Mbawa Council Ward in Guma Local Government Area, LGA, of Benue State"
339759,CHA-2020-2-5583-8,2020,Fulani - Tiv,Fulani - Tiv,Fulani,Tiv,Benue state,Gwer West lga,7.63211,8.21656,2020-05-02,2020-05-02,0,2,0,0,2,2,2,"""The Nation,2020-05-04,Guards recover bodies of farmers killed by suspected herdsmen""",Guards recover bodies of farmers killed by suspected herdsmen,"Saghev/Ukusu district, Gwer West Local Government Area in Benue State"
343762,BEN-2020-2-5583-2,2020,Fulani - Tiv,Fulani - Tiv,Fulani,Tiv,Benue state,Kwande lga,6.80099,9.47021,2020-05-05,2020-05-05,0,1,0,0,1,1,1,"""Nigeria Watch PAR012017,2020-05-05,Fulani Herdsmen Attack, Benue""","Fulani Herdsmen Attack, Benue","Div Nzaav, Turan, Kwande LGA"
343393,CHA-2020-2-5583-13,2020,Fulani - Tiv,Fulani - Tiv,Fulani,Tiv,Benue state,Gwer West lga,7.63211,8.21656,2020-05-08,2020-05-08,0,1,0,0,1,1,1,"""All Africa,2020-05-11,315 Killed By Armed Herdsmen in My Domain, Benue Monarch Cries Out""","315 Killed By Armed Herdsmen in My Domain, Benue Monarch Cries Out","Gbaange-Tongov community, Gwer West"
343381,CHA-2020-2-5583-11,2020,Fulani - Tiv,Fulani - Tiv,Fulani,Tiv,Benue state,Guma lga,8.160068,8.591141,2020-05-09,2020-05-09,0,2,0,0,2,2,2,"""All Africa,2020-05-11,315 Killed By Armed Herdsmen in My Domain, Benue Monarch Cries Out""","315 Killed By Armed Herdsmen in My Domain, Benue Monarch Cries Out",Yelwata community of Guma LGA
343450,CHA-2020-2-5583-14,2020,Fulani - Tiv,Fulani - Tiv,Fulani,Tiv,Benue state,Guma lga,7.7166,8.899,2020-05-11,2020-05-11,0,2,0,0,2,2,2,"""All Africa,2020-05-13,Herdsmen Kill Two Farmers in Benue Community""",Herdsmen Kill Two Farmers in Benue Community,Agasha community in Guma Local Government Area
345982,CHA-2020-2-5583-15,2020,Fulani - Tiv,Fulani - Tiv,Fulani,Tiv,Benue state,Guma lga,7.96667,8.76667,2020-06-06,2020-06-06,0,0,0,3,3,12,0,"""All Africa,2020-06-08,Military Kills Five Killer-Herdsmen After Deadly Attack in Benue""",Military Kills Five Killer-Herdsmen After Deadly Attack in Benue,"Torkula, Kponko and Kaseyo villages in Mbadwem ward of Guma LGA"
348725,NIG-2020-2-12441-0,2020,Eggon - Fulani,Eggon - Fulani,Eggon,Fulani,Nasarawa state,Nasarawa Eggon lga,8.8627,8.346387,2020-08-03,2020-08-03,1,0,0,0,1,1,1,"""HumAngle,2020-08-04,Gunmen Kill Journalist, 14 Others Still Missing in Nasarawa"";""Morning Star News,2020-11-01,Abducted Pastor in Nigeria Not Released; 6-Year-Old Kidnapped""","Gunmen Kill Journalist, 14 Others Still Missing in Nasarawa;Abducted Pastor in Nigeria Not Released; 6-Year-Old Kidnapped",in Washo community
358383,CHA-2020-2-5583-16,2020,Fulani - Tiv,Fulani - Tiv,Fulani,Tiv,Nasarawa state,Keana lga,8.23333,8.56667,2020-09-09,2020-09-09,0,2,0,0,2,2,2,"""Vanguard ,2020-09-10,Unknown gunmen kill two farmers in Nasarawa"";""Nigeria Watch,2020-09-09,Herdsmen vs Farmers, Nasarawa""","Unknown gunmen kill two farmers in Nasarawa;Herdsmen vs Farmers, Nasarawa","in Icenyam village of Kadariko Olive in Keana Local Government of Nasarawa State

///

Kardoroko community; Keana"
358512,BEN-2020-2-5583-0,2020,Fulani - Tiv,Fulani - Tiv,Fulani,Tiv,Benue state,Guma lga,7.96667,8.76667,2020-09-20,2020-09-20,0,2,0,0,2,5,0,"""All Africa,2020-09-23,Suspected Herdsmen Kill Three People in Benue"";""Vanguard ,2020-09-22,BENUE: Armed herders invade Ortom’s hometown, behead one, hack four others to death""","Suspected Herdsmen Kill Three People in Benue;BENUE: Armed herders invade Ortom’s hometown, behead one, hack four others to death","Tse-Apera, Nzorov; Guma Local Government Area of Benue State."
374413,BEN-2020-2-5583-4,2020,Fulani - Tiv,Fulani - Tiv,Fulani,Tiv,Benue state,Makurdi lga,7.697829,8.455739,2020-12-11,2020-12-11,0,4,0,0,4,4,4,"""Vanguard ,2020-12-13,Suspected herdsmen kill clan head, in-law, son, brother in Benue""","Suspected herdsmen kill clan head, in-law, son, brother in Benue","Tse Angbande community, Adaka in the outskirt of Makurdi the capital of Benue State"
396795,BEN-2021-2-5583-29,2021,Fulani - Tiv,Fulani - Tiv,Fulani,Tiv,Benue state,Guma lga,7.96667,8.76667,2021-04-21,2021-04-21,0,2,0,0,2,2,2,"""Vanguard ,2021-04-22,Armed herders kill Benue monarch, five others in Makurdi, Guma, Agatu"";""Independent,2021-04-22,Herdsmen Kill Six, Including Traditional Ruler In Three Separate Attacks In Benue""","Armed herders kill Benue monarch, five others in Makurdi, Guma, Agatu;Herdsmen Kill Six, Including Traditional Ruler In Three Separate Attacks In Benue",Mbayer-Yandev in Guma LGA
396798,BEN-2021-2-5583-28,2021,Fulani - Tiv,Fulani - Tiv,Fulani,Tiv,Benue state,Makurdi lga,7.850271,8.562258,2021-04-21,2021-04-21,0,2,0,0,2,2,2,"""Vanguard ,2021-04-22,Armed herders kill Benue monarch, five others in Makurdi, Guma, Agatu"";""Independent,2021-04-22,Herdsmen Kill Six, Including Traditional Ruler In Three Separate Attacks In Benue""","Armed herders kill Benue monarch, five others in Makurdi, Guma, Agatu;Herdsmen Kill Six, Including Traditional Ruler In Three Separate Attacks In Benue",at Tse-Zoola Village Agan Makurdi Local Government Area
396799,BEN-2021-2-5583-30,2021,Fulani - Tiv,Fulani - Tiv,Fulani,Tiv,Benue state,Agatu lga,7.805479,8.057261,2021-04-21,2021-04-21,0,2,0,0,2,2,2,"""Independent,2021-04-22,Herdsmen Kill Six, Including Traditional Ruler In Three Separate Attacks In Benue"";""Vanguard ,2021-04-22,Armed herders kill Benue monarch, five others in Makurdi, Guma, Agatu""","Herdsmen Kill Six, Including Traditional Ruler In Three Separate Attacks In Benue;Armed herders kill Benue monarch, five others in Makurdi, Guma, Agatu",Odugbeho in Agatu LGA
396854,BEN-2021-2-5583-31,2021,Fulani - Tiv,Fulani - Tiv,Fulani,Tiv,Benue state,Guma lga,7.96667,8.76667,2021-04-23,2021-04-24,0,17,0,0,17,17,0,"""Crisis Watch,2021-05-01,Nigeria APRIL 2021"";""Vanguard ,2021-04-24,17 killed, others injured as herdsmen militia attack parts of Guma LG""","Nigeria APRIL 2021;17 killed, others injured as herdsmen militia attack parts of Guma LG","Tse Ukor, Tse Gborigyo and Tse Uhembe communities all in Mbayer-Yandev Council Ward of Guma Local Government Area, LGA, of Benue state"
396838,BEN-2021-2-5583-0,2021,Fulani - Tiv,Fulani - Tiv,Fulani,Tiv,Nasarawa state,Doma lga,8.20323,8.30466,2021-04-24,2021-04-24,0,11,0,0,11,11,11,"""Vanguard ,2021-04-24,Black Saturday in Nasarawa as gunmen allegedly kill 9, scores injured"";""All Africa,2021-04-26,Ogun Police Arrest Three Officers for Extorting Lasu Student of N153,000
CR 	This Day"";""Crisis Watch,2021-05-01,Nigeria APRIL 2021""","Black Saturday in Nasarawa as gunmen allegedly kill 9, scores injured;Ogun Police Arrest Three Officers for Extorting Lasu Student of N153,000
CR 	This Day;Nigeria APRIL 2021","in Ajimaka, a Tiv settlement in Doma Local Government Area of Nasarawa State"
397295,BEN-2021-2-5583-25,2021,Fulani - Tiv,Fulani - Tiv,Fulani,Tiv,Nasarawa state,Keana lga,8.16746,8.76829,2021-04-24,2021-04-27,0,2,0,0,2,3,2,"""Crisis Watch,2021-05-01,Nigeria APRIL 2021"";""The Nation,2021-05-08,How herdsmen slaughtered my husband, aborted his dream of becoming professor""","Nigeria APRIL 2021;How herdsmen slaughtered my husband, aborted his dream of becoming professor","Doma and Keana areas, Nasarawa state"
396950,BEN-2021-2-5583-23,2021,Fulani - Tiv,Fulani - Tiv,Fulani,Tiv,Benue state,Makurdi lga,7.7411,8.5121,2021-04-27,2021-04-27,0,0,0,7,7,7,7,"""BBC Monitoring Africa,2021-04-27,Dozens killed in Nigeria as insecurity surges"";""All Africa,2021-04-28,7 Killed, Several Wounded in Attack On Benue IDP Camp"";""All Africa,2021-04-28,Ortom Talks Tough, Says 70 People Murdered By Herders in Benue in Two Weeks"";""Daily Post,2021-05-01,Bemgba Iortyom: Abagena killings: Akume finally speaks through Mkor"";""Vanguard,2021-11-02,28 die in Benue IDPs camp""","Dozens killed in Nigeria as insecurity surges;7 Killed, Several Wounded in Attack On Benue IDP Camp;Ortom Talks Tough, Says 70 People Murdered By Herders in Benue in Two Weeks;Bemgba Iortyom: Abagena killings: Akume finally speaks through Mkor;28 die in Benue IDPs camp","in Abagena, along Makurdi-Lafia highway in central state of Benue

///

Abagena Internally Displaced Persons (IDPs) camp in Makurdi Local Government Area of Benue State.

///

outskirts of Makurdi town"
397065,BEN-2021-2-5583-33,2021,Fulani - Tiv,Fulani - Tiv,Fulani,Tiv,Benue state,Guma lga,7.96667,8.76667,2021-04-28,2021-04-30,0,4,0,0,4,4,0,"""Vanguard ,2021-04-30,Again, armed herders kill five in two separate attacks on Benue communities""","Again, armed herders kill five in two separate attacks on Benue communities",Imandeakpu and Mbatyough Saghev communities in Guma and Gwer West Local Government Areas of Benue state
430240,BEN-2021-2-5583-34,2021,Fulani - Tiv,Fulani - Tiv,Fulani,Tiv,Benue state,Gwer West lga,7.63211,8.21656,2021-04-28,2021-04-30,0,1,0,0,1,1,0,"""Vanguard ,2021-04-30,Again, armed herders kill five in two separate attacks on Benue communities""","Again, armed herders kill five in two separate attacks on Benue communities",Imandeakpu and Mbatyough Saghev communities in Guma and Gwer West Local Government Areas of Benue state
397204,BEN-2021-2-5583-36,2021,Fulani - Tiv,Fulani - Tiv,Fulani,Tiv,Benue state,Gwer West lga,7.676118,8.206273,2021-05-02,2021-05-02,0,2,0,0,2,2,2,"""Agence France Presse,2021-05-03,Gunmen kill 17 villagers in central Nigeria: officials"";""Vanguard ,2021-05-03,17 dead as armed herdsmen sack two Benue communities""",Gunmen kill 17 villagers in central Nigeria: officials;17 dead as armed herdsmen sack two Benue communities,"along the Naka-Agagbe road; in Gwer West local government area of Benue state

///

Agbanu, along Naka-Agagbe road"
397205,BEN-2021-2-5583-35,2021,Fulani - Tiv,Fulani - Tiv,Fulani,Tiv,Benue state,Gwer West lga,7.454937,8.193221,2021-05-03,2021-05-03,0,15,0,0,15,15,15,"""Vanguard ,2021-05-03,17 dead as armed herdsmen sack two Benue communities"";""Agence France Presse,2021-05-03,Gunmen kill 17 villagers in central Nigeria: officials""",17 dead as armed herdsmen sack two Benue communities;Gunmen kill 17 villagers in central Nigeria: officials,"Tijime; in Gwer West local government area of Benue state

///

Tse Amgbem in Tijime Council Ward"
401773,BEN-2021-2-5583-6,2021,Fulani - Tiv,Fulani - Tiv,Fulani,Tiv,Taraba state,Bali lga,8.15541,10.96853,2021-05-13,2021-05-13,0,4,0,0,4,4,4,"""All Africa,2021-05-15,Suspected Herders Kill 6 in Taraba""",Suspected Herders Kill 6 in Taraba,"Baafada in Gazabu and Mambilla road;

Utsua Daa and Baafada villages at Bali Takum in Bali local government area of Taraba State;

villages around Gazabu and Utsua Daa"
401855,BEN-2021-2-5583-2,2021,Fulani - Tiv,Fulani - Tiv,Fulani,Tiv,Taraba state,Bali lga,8.15541,10.96853,2021-05-13,2021-05-16,0,1,0,0,1,1,1,"""All Africa,2021-05-17,Taraba Herders Attack - Locals Bury 30, Over 3,000 Displaced
CR 	Leadership""","Taraba Herders Attack - Locals Bury 30, Over 3,000 Displaced
CR 	Leadership","Bali local government area of Taraba State;

at Bornu Kurku, Utsua Daa, Baafada and Bali town"
401776,BEN-2021-2-5583-7,2021,Fulani - Tiv,Fulani - Tiv,Fulani,Tiv,Taraba state,Bali lga,8.15541,10.96853,2021-05-13,2021-05-13,0,2,0,0,2,2,2,"""All Africa,2021-05-15,Suspected Herders Kill 6 in Taraba""",Suspected Herders Kill 6 in Taraba,"Utsua Daa village in Takalafia ward;

Utsua Daa and Baafada villages at Bali Takum in Bali local government area of Taraba State;

villages around Gazabu and Utsua Daa"
402337,BEN-2021-2-5583-5,2021,Fulani - Tiv,Fulani - Tiv,Fulani,Tiv,Taraba state,Bali lga,8.15541,10.96853,2021-05-13,2021-05-15,0,7,0,0,7,7,7,"""The Punch,2021-05-17,Herdsmen killed 17 in fresh attack as we buried 13 – Taraba residents""",Herdsmen killed 17 in fresh attack as we buried 13 – Taraba residents,Angwan Baafada and Utsua Daa communities in the Bali Local Government Area of Taraba State
401823,BEN-2021-2-5583-1,2021,Fulani - Tiv,Fulani - Tiv,Fulani,Tiv,Nasarawa state,Keana lga,8.16746,8.76829,2021-05-15,2021-05-15,0,3,0,0,3,3,3,"""All Africa,2021-05-16,Gunmen Kill Cleric, Two Others in Nasarawa""","Gunmen Kill Cleric, Two Others in Nasarawa","Amudu village in Giza chiefdom of Keana Local Government Area of Nasarawa State; Amudu, a Tiv village in Giza Development Area"
401852,BEN-2021-2-5583-17,2021,Fulani - Tiv,Fulani - Tiv,Fulani,Tiv,Benue state,Guma lga,8.160068,8.591141,2021-05-15,2021-05-16,0,3,0,0,3,3,3,"""Vanguard ,2021-05-16,Again, four die as armed herders invade Benue community""","Again, four die as armed herders invade Benue community",in Yelwata community of Guma Local Government Area of Benue state
402069,BEN-2021-2-5583-4,2021,Fulani - Tiv,Fulani - Tiv,Fulani,Tiv,Taraba state,Bali lga,7.8116,10.58387,2021-05-15,2021-05-17,0,0,0,6,6,6,6,"""All Africa,2021-05-17,Herdsmen Attack, Tribal Clash Claim 16 Lives in Taraba""","Herdsmen Attack, Tribal Clash Claim 16 Lives in Taraba",between Jatau Kungana and Gazabu communities of the Bali LGA
402103,BEN-2021-2-5583-37,2021,Fulani - Tiv,Fulani - Tiv,Fulani,Tiv,Benue state,Gwer West lga,7.618016,8.318488,2021-05-15,2021-05-15,0,1,0,0,1,1,1,"""Vanguard ,2021-05-17,Another four killed, one abducted as armed herders invade Benue communities""","Another four killed, one abducted as armed herders invade Benue communities","Tse Shishim village around Ahume settlement in Saghev/Ukusu council ward

in Gwer West Local Government Area, LGA, of a Benue state"
402101,BEN-2021-2-5583-38,2021,Fulani - Tiv,Fulani - Tiv,Fulani,Tiv,Benue state,Gwer West lga,7.63227,8.343638,2021-05-16,2021-05-16,0,2,0,0,2,2,2,"""Vanguard ,2021-05-17,Another four killed, one abducted as armed herders invade Benue communities""","Another four killed, one abducted as armed herders invade Benue communities","on Tse Iber village in Jimba settlement area

in Gwer West Local Government Area, LGA, of a Benue state"
402102,BEN-2021-2-5583-39,2021,Fulani - Tiv,Fulani - Tiv,Fulani,Tiv,Benue state,Gwer West lga,7.63211,8.21656,2021-05-16,2021-05-16,0,1,0,0,1,1,1,"""Vanguard ,2021-05-17,Another four killed, one abducted as armed herders invade Benue communities""","Another four killed, one abducted as armed herders invade Benue communities","in Mbaatan, Kunav, Sengev council ward

in Gwer West Local Government Area, LGA, of a Benue state"
402061,BEN-2021-2-5583-3,2021,Fulani - Tiv,Fulani - Tiv,Fulani,Tiv,Taraba state,Bali lga,8.15541,10.96853,2021-05-16,2021-05-16,0,10,0,0,10,10,10,"""All Africa,2021-05-17,Herdsmen Attack, Tribal Clash Claim 16 Lives in Taraba""","Herdsmen Attack, Tribal Clash Claim 16 Lives in Taraba","in Bornon Kurkur community, Bali Local Government Area"
403159,BEN-2021-2-5583-12,2021,Fulani - Tiv,Fulani - Tiv,Fulani,Tiv,Taraba state,Takum lga,7.41158,10.04478,2021-05-23,2021-05-23,0,5,0,0,5,5,5,"""Nigerian Tribune,2021-05-23,Again, Herdsmen Kill Five In Taraba Eight Hours After Peace Meeting""","Again, Herdsmen Kill Five In Taraba Eight Hours After Peace Meeting","at Ukoo Abaa village, near Kufai Amadu in Takum Local Government Area"
402595,BEN-2021-2-5583-8,2021,Fulani - Tiv,Fulani - Tiv,Fulani,Tiv,Benue state,Gwer West lga,7.63211,8.21656,2021-05-24,2021-05-30,0,20,0,0,20,21,20,"""Vanguard ,2021-05-30,Benue Killings: ACF accuses Govt of twisting narrative, condemns endless massacre""","Benue Killings: ACF accuses Govt of twisting narrative, condemns endless massacre","3 in Tse Jibrin, 3 at Jimba Saqhew, 5 at back Imande Abuul and 10 at Zegejir

in Gwer West"
402423,BEN-2021-2-5583-46,2021,Fulani - Tiv,Fulani - Tiv,Fulani,Tiv,Benue state,Gwer West lga,7.63211,8.21656,2021-05-28,2021-05-28,0,1,0,0,1,1,1,"""Vanguard ,2021-05-28,Outrage in Benue as herdsmen kill another 42, abduct mother, son""","Outrage in Benue as herdsmen kill another 42, abduct mother, son",at Mbakpa community; Gwer West LGA
403158,BEN-2021-2-5583-11,2021,Fulani - Tiv,Fulani - Tiv,Fulani,Tiv,Taraba state,Bali lga,8.129947,10.984596,2021-05-28,2021-05-28,0,2,0,0,2,2,2,"""The Guardian,2021-05-30,Again, suspected herders kill 14 in Taraba"";""Daily Post,2021-05-28,Many killed as suspected herdsmen sack Taraba communities""","Again, suspected herders kill 14 in Taraba;Many killed as suspected herdsmen sack Taraba communities","in Bali; Taraba State

///

in Pangari community of Bali council"
402626,BEN-2021-2-5583-26,2021,Fulani - Tiv,Fulani - Tiv,Fulani,Tiv,Nasarawa state,Keana lga,8.16746,8.76829,2021-05-29,2021-05-29,0,1,0,0,1,1,0,"""All Africa,2021-05-31,Gunmen Kill Pregnant Woman, Abduct Lawmaker in Nasarawa""","Gunmen Kill Pregnant Woman, Abduct Lawmaker in Nasarawa",Abebe village in Keana Local Government Area of Nasarawa State
403157,BEN-2021-2-5583-10,2021,Fulani - Tiv,Fulani - Tiv,Fulani,Tiv,Taraba state,Gassol lga,8.47269,10.5442,2021-05-30,2021-05-30,0,12,0,0,12,12,12,"""The Guardian,2021-05-30,Again, suspected herders kill 14 in Taraba""","Again, suspected herders kill 14 in Taraba","at Ijever, near Sabon-Gida village in Gassol Local Council"
404694,BEN-2021-2-5583-40,2021,Fulani - Tiv,Fulani - Tiv,Fulani,Tiv,Benue state,Agatu lga,7.805479,8.057261,2021-06-06,2021-06-06,0,27,0,0,27,31,27,"""BBC Monitoring Africa,2021-06-08,Over 30 killed in 'Fulani herders' attack in eastern Nigeria"";""Agence France Presse,2021-06-08,Gunmen kill 27 in central Nigeria attack: police"";""All Africa,2021-06-15,25 Feared Killed in Attacks On Benue, Plateau Communities"";""Crisis Watch,2021-07-01,Nigeria - June 2021: Govt shut down social media platform Twitter citing security concerns as country’s multiple violent conflicts continued.""","Over 30 killed in 'Fulani herders' attack in eastern Nigeria;Gunmen kill 27 in central Nigeria attack: police;25 Feared Killed in Attacks On Benue, Plateau Communities;Nigeria - June 2021: Govt shut down social media platform Twitter citing security concerns as country’s multiple violent conflicts continued.",on the Odugbeho village in Agatu Local Government Area of Nigeria's eastern state of Benue
405591,BEN-2021-2-5583-42,2021,Fulani - Tiv,Fulani - Tiv,Fulani,Tiv,Benue state,Makurdi lga,7.787948,8.518014,2021-06-09,2021-06-09,0,5,0,0,5,5,5,"""Punch Nigeria,2021-06-11,Suspected herders ambush farmers in Benue, kill 11""","Suspected herders ambush farmers in Benue, kill 11",Zongo-Akiki village in Mbalagh council ward in Makurdi Local Government Areas
405594,BEN-2021-2-5583-43,2021,Fulani - Tiv,Fulani - Tiv,Fulani,Tiv,Benue state,Katsina-Ala lga,7.55352,9.79349,2021-06-09,2021-06-09,0,6,0,0,6,6,6,"""Punch Nigeria,2021-06-11,Suspected herders ambush farmers in Benue, kill 11""","Suspected herders ambush farmers in Benue, kill 11",Anyom community of Mbatyula council ward in Katsina-Ala
404840,BEN-2021-2-5583-13,2021,Fulani - Tiv,Fulani - Tiv,Fulani,Tiv,Nasarawa state,Keana lga,8.16746,8.76829,2021-06-11,2021-06-11,0,0,0,6,6,6,6,"""BBC Monitoring Africa,2021-06-12,Gunmen kill six, wound four in north-central Nigeria"";""Vanguard ,2021-06-12,Suspected herdsmen kill 6, injure 4 in Nasarawa""","Gunmen kill six, wound four in north-central Nigeria;Suspected herdsmen kill 6, injure 4 in Nasarawa","Tse-Jimin village, Aloshi Kingdom of Keana local government area of Nasarawa state"
404887,BEN-2021-2-5583-41,2021,Fulani - Tiv,Fulani - Tiv,Fulani,Tiv,Benue state,Agatu lga,7.805479,8.057261,2021-06-13,2021-06-13,0,2,0,0,2,2,2,"""All Africa,2021-06-15,25 Feared Killed in Attacks On Benue, Plateau Communities"";""Punch Nigeria,2021-06-15,11 killed in Benue communal clash, herders burn down houses""","25 Feared Killed in Attacks On Benue, Plateau Communities;11 killed in Benue communal clash, herders burn down houses",in Odugbeho
411579,BEN-2021-2-5583-14,2021,Fulani - Tiv,Fulani - Tiv,Fulani,Tiv,Taraba state,Bali lga,8.15541,10.96853,2021-07-05,2021-07-05,0,3,0,0,3,3,3,"""Sahara Reporters,2021-07-06,Killer Herdsmen Dismember Taraba Village Head, Kill Two Others""","Killer Herdsmen Dismember Taraba Village Head, Kill Two Others",the Kudi district of Bali Local Government Area of Taraba State; Kundi
410241,BEN-2021-2-5583-45,2021,Fulani - Tiv,Fulani - Tiv,Fulani,Tiv,Benue state,Guma lga,7.96667,8.76667,2021-07-18,2021-07-18,0,6,0,2,8,8,8,"""All Africa,2021-07-20,Police, Military Disagree Over Killings in Fresh Benue Attack"";""All Africa,2021-07-20,It's Unfair to Stop Nnamdi Kanu, Igboho While Armed Herders Are Not Checked - Ortom""","Police, Military Disagree Over Killings in Fresh Benue Attack;It's Unfair to Stop Nnamdi Kanu, Igboho While Armed Herders Are Not Checked - Ortom",in some villages of Guma Local Government Area in Benue State
410354,BEN-2021-2-5583-24,2021,Fulani - Tiv,Fulani - Tiv,Fulani,Tiv,Nasarawa state,Keana lga,8.197938,8.58322,2021-07-21,2021-07-21,0,0,5,0,5,5,0,"""All Africa,2021-07-23,Police Confirms Killing of Five Villagers By Gunmen in Nasarawa"";""Sahara Reporters,2021-07-22,Tension As Herdsmen Kill Five Farmers In Nasarawa""",Police Confirms Killing of Five Villagers By Gunmen in Nasarawa;Tension As Herdsmen Kill Five Farmers In Nasarawa,at Gidan Sule village in Keana Local Goverment Area
414025,BEN-2021-2-5583-16,2021,Fulani - Tiv,Fulani - Tiv,Fulani,Tiv,Benue state,Guma lga,8.160068,8.591141,2021-08-23,2021-08-25,0,6,0,0,6,8,6,"""BBC Monitoring Africa,2021-08-25,Eight killed in north-central Nigeria attack"";""All Africa,2021-08-27,Killings - Rep Calls On Buhari to Declare War On Herdsmen, Bandits in Benue""","Eight killed in north-central Nigeria attack;Killings - Rep Calls On Buhari to Declare War On Herdsmen, Bandits in Benue","in Yelewta community of Guma Local Government Area

///

Yelwata, Guma Local of Benue State"
416976,BEN-2021-2-5583-15,2021,Fulani - Tiv,Fulani - Tiv,Fulani,Tiv,Benue state,Guma lga,8.160068,8.591141,2021-09-16,2021-09-18,0,2,0,0,2,2,2,"""Nigerian Tribune,2021-09-18,Two Killed, One Abducted By Suspected Herdsmen In Benue""","Two Killed, One Abducted By Suspected Herdsmen In Benue",at Yelwata community in  Guma Local Government Area of Benue State
416504,BEN-2021-2-5583-44,2021,Fulani - Tiv,Fulani - Tiv,Fulani,Tiv,Benue state,Guma lga,7.96667,8.76667,2021-09-24,2021-09-27,0,9,0,0,9,9,4,"""All Africa,2021-09-29,Armed Herdsmen Kill 9 Traders, Church Attendees, LG Boss' Brother in Fresh Benue Attack""","Armed Herdsmen Kill 9 Traders, Church Attendees, LG Boss' Brother in Fresh Benue Attack","communities in Guma LGA

1) in the outskirts of Gbajimba town, the Guma LGA
2) Gbajimba
3) Ulever community"
423864,BEN-2021-2-5583-20,2021,Fulani - Tiv,Fulani - Tiv,Fulani,Tiv,Taraba state,Gassol lga,8.47269,10.5442,2021-11-30,2021-11-30,0,10,0,0,10,10,10,"""The Punch,2021-12-02,11 killed, others missing as Tiv, Fulani clash in Taraba communities""","11 killed, others missing as Tiv, Fulani clash in Taraba communities",on their farms; in the Gassol Local Government Area of Taraba State; at the boundary between Gassol and Wukari local government areas
423866,BEN-2021-2-5583-19,2021,Fulani - Tiv,Fulani - Tiv,Fulani,Tiv,Taraba state,Gassol lga,8.399647,10.145724,2021-11-30,2021-11-30,1,0,0,0,1,1,1,"""The Punch,2021-12-02,11 killed, others missing as Tiv, Fulani clash in Taraba communities""","11 killed, others missing as Tiv, Fulani clash in Taraba communities","on his way back from Sensani, a village market; in the Gassol Local Government Area of Taraba State"
425858,BEN-2021-2-5583-22,2021,Fulani - Tiv,Fulani - Tiv,Fulani,Tiv,Nasarawa state,,8.5,8.25,2021-12-15,2021-12-17,1,0,0,0,1,1,1,"""Agence France Presse,2021-12-21,Nigeria ethnic violence toll jumps to 45""",Nigeria ethnic violence toll jumps to 45,
425846,BEN-2021-2-5583-21,2021,Fulani - Tiv,Fulani - Tiv,Fulani,Tiv,Nasarawa state,,8.5,8.25,2021-12-17,2021-12-19,0,45,0,0,45,45,8,"""Agence France Presse,2021-12-21,Eight killed in Nigerian ethnic clashes: police"";""Agence France Presse,2021-12-21,Nigeria ethnic violence toll jumps to 45""",Eight killed in Nigerian ethnic clashes: police;Nigeria ethnic violence toll jumps to 45,"in Hangara village and neighbouring Kwayero village

in 12 villages across Lafia, Obi and Awe districts"
430554,NIG-2022-2-12341-0,2022,Agatu - Fulani,Agatu - Fulani,Agatu,Fulani,Benue state,Agatu lga,7.9061,7.85487,2022-01-25,2022-01-25,0,0,0,0,0,1,0,"""AllAfrica,2022-02-10,138 Killed, 101 Kidnapped in Just One Week in Nigeria - Report""","138 Killed, 101 Kidnapped in Just One Week in Nigeria - Report",in Agatu
430691,BEN-2022-2-5583-1.1,2022,Fulani - Tiv,Fulani - Tiv,Fulani,Tiv,Benue state,Gwer West lga,7.618016,8.318488,2022-02-17,2022-02-18,0,0,0,3,3,2,3,"""Sahara Reporters,2022-02-19,BREAKING: Suspected Fulani Herders Kill Three Relatives Of Benue Governor, Ortom"";""Daily Post,2022-02-19,Tension in Benue as suspected herdsmen kills man, son, 3 others, set houses ablaze""","BREAKING: Suspected Fulani Herders Kill Three Relatives Of Benue Governor, Ortom;Tension in Benue as suspected herdsmen kills man, son, 3 others, set houses ablaze","Tse Udeghe community, Mbakpa Council Ward and Ahumen community in Gwer West Local Government Area of the state"
447578,BEN-2022-2-5583-1.2,2022,Fulani - Tiv,Fulani - Tiv,Fulani,Tiv,Benue state,Gwer West lga,7.751059,8.151201,2022-02-17,2022-02-18,0,0,0,2,2,3,2,"""Sahara Reporters,2022-02-19,BREAKING: Suspected Fulani Herders Kill Three Relatives Of Benue Governor, Ortom"";""Daily Post,2022-02-19,Tension in Benue as suspected herdsmen kills man, son, 3 others, set houses ablaze""","BREAKING: Suspected Fulani Herders Kill Three Relatives Of Benue Governor, Ortom;Tension in Benue as suspected herdsmen kills man, son, 3 others, set houses ablaze","Tse Udeghe community, Mbakpa Council Ward and Ahumen community in Gwer West Local Government Area of the state"
430688,BEN-2022-2-5583-0,2022,Fulani - Tiv,Fulani - Tiv,Fulani,Tiv,Benue state,Guma lga,7.96667,8.76667,2022-02-19,2022-02-19,0,3,0,0,3,3,3,"""AllAfrica,2022-02-20,Herdsmen Invade Ortom's Home Town, Kill 3"";""Sahara Reporters,2022-02-19,BREAKING: Suspected Fulani Herders Kill Three Relatives Of Benue Governor, Ortom""","Herdsmen Invade Ortom's Home Town, Kill 3;BREAKING: Suspected Fulani Herders Kill Three Relatives Of Benue Governor, Ortom","along Iordye- Gbajimba road in Guma Local Government Area of the state

///

Lordye-Gbajimba Road"
437496,BEN-2022-2-5583-11,2022,Fulani - Tiv,Fulani - Tiv,Fulani,Tiv,Taraba state,Donga lga,7.717252,9.95949,2022-03-07,2022-03-07,0,26,0,0,26,26,26,"""The Punch,2022-03-07,Scores killed, many injured as suspected herdsmen invade Taraba community""","Scores killed, many injured as suspected herdsmen invade Taraba community",Tor-Damisa community in the Donga Local Government Area of Taraba State
434240,BEN-2022-2-5583-2,2022,Fulani - Tiv,Fulani - Tiv,Fulani,Tiv,Benue state,Guma lga,7.96667,8.76667,2022-03-08,2022-03-08,0,5,0,0,5,5,5,"""BBC Monitoring Africa,2022-03-10,Suspected herders kill five in Nigeria's Benue State""",Suspected herders kill five in Nigeria's Benue State,a village in Guma local government area in the east-central Benue State
437506,BEN-2022-2-5583-12,2022,Fulani - Tiv,Fulani - Tiv,Fulani,Tiv,Benue state,Guma lga,7.993851,8.883353,2022-03-10,2022-03-10,0,6,0,0,6,6,6,"""Vanguard,2022-03-10,Again, Six killed, many injured as herdsmen storm two Benue communities in fresh attacks""","Again, Six killed, many injured as herdsmen storm two Benue communities in fresh attacks","Iye community, Uvir Council Ward and Yelwata all in Guma Local Government Area of Benue state"
437713,BEN-2022-2-5583-13,2022,Fulani - Tiv,Fulani - Tiv,Fulani,Tiv,Benue state,Gwer West lga,7.5834,8.2055,2022-03-29,2022-03-29,0,3,0,0,3,3,2,"""AllAfrica,2022-03-31,Gunmen Attack Benue Villages, Kill Many - Official
CR 	Premium Times""","Gunmen Attack Benue Villages, Kill Many - Official
CR 	Premium Times",Naka town of Gwer West Local Government Area in Benue State
434492,BEN-2022-2-5583-6,2022,Fulani - Tiv,Fulani - Tiv,Fulani,Tiv,Benue state,Guma lga,8.00955,8.48377,2022-03-29,2022-03-29,0,3,0,0,3,3,3,"""Vanguard,2022-03-29,Deeper Life Pastor, 3 others killed in fresh herdsmen attack on Benue communities""","Deeper Life Pastor, 3 others killed in fresh herdsmen attack on Benue communities",in their farms at Nyiev Council Ward in the same Guma LGA
434495,BEN-2022-2-5583-5,2022,Fulani - Tiv,Fulani - Tiv,Fulani,Tiv,Benue state,Guma lga,7.96667,8.76667,2022-03-29,2022-03-29,0,1,0,0,1,1,1,"""Vanguard,2022-03-29,Deeper Life Pastor, 3 others killed in fresh herdsmen attack on Benue communities""","Deeper Life Pastor, 3 others killed in fresh herdsmen attack on Benue communities",at Waku village; Guma LGA
434512,BEN-2022-2-5583-7,2022,Fulani - Tiv,Fulani - Tiv,Fulani,Tiv,Benue state,Guma lga,7.96667,8.76667,2022-03-29,2022-03-29,0,2,0,0,2,2,2,"""AllAfrica,2022-03-31,Gunmen Attack Benue Villages, Kill Many - Official
CR 	Premium Times""","Gunmen Attack Benue Villages, Kill Many - Official
CR 	Premium Times","Guma, Kwande, and Gwer West local government areas"
438425,BEN-2022-2-5583-14,2022,Fulani - Tiv,Fulani - Tiv,Fulani,Tiv,Benue state,Kwande lga,6.80099,9.47021,2022-03-30,2022-03-30,0,2,0,0,2,2,0,"""Independent,2022-03-31,Herdsmen Invade 8 Benue Communities, Kill 2, Displace Thousands""","Herdsmen Invade 8 Benue Communities, Kill 2, Displace Thousands","eight communities in Kwande Local Government Area (LGA)

communities that were invaded include, Boagundu, Turan, Maav-Ya, Kendev-Ya, Ityuruv, Ugbe, Iyon, Iwanev, Injôôv as well as Jato-aka"
436229,BEN-2022-2-5583-10,2022,Fulani - Tiv,Fulani - Tiv,Fulani,Tiv,Benue state,Tarka lga,7.717954,8.785039,2022-04-11,2022-04-11,0,9,0,0,9,16,0,"""Agence France Presse,2022-04-13,Gunmen kill 24 in central Nigeria: local govt""",Gunmen kill 24 in central Nigeria: local govt,"in Tiortyu, a sprawling settlement in Tarka local government"
436230,BEN-2022-2-5583-9,2022,Fulani - Tiv,Fulani - Tiv,Fulani,Tiv,Benue state,Guma lga,8.019232,8.726093,2022-04-11,2022-04-11,0,8,0,0,8,8,8,"""Agence France Presse,2022-04-13,Gunmen kill 24 in central Nigeria: local govt""",Gunmen kill 24 in central Nigeria: local govt,in Mbadwem in Guma local government
440144,BEN-2022-2-5583-17,2022,Fulani - Tiv,Fulani - Tiv,Fulani,Tiv,Benue state,Kwande lga,6.89857,9.49676,2022-04-21,2022-04-21,0,8,0,0,8,8,0,"""Vanguard,2022-05-05,Benue: Kwande LGA conducts mass burial for victims of armed herders attack in Jato Aka""",Benue: Kwande LGA conducts mass burial for victims of armed herders attack in Jato Aka,"Waya of Yaav Ward, Turan, Jato Aka area of the LGA"
438827,BEN-2022-2-5583-15,2022,Fulani - Tiv,Fulani - Tiv,Fulani,Tiv,Benue state,Guma lga,7.745997,8.913496,2022-05-20,2022-05-20,0,5,0,0,5,5,5,"""AllAfrica,2022-05-21,Again, Armed Herdsmen Kill Five in Benue Community""","Again, Armed Herdsmen Kill Five in Benue Community","Tse Alashi Kaambe community in Guma Local Government Area, LGA, of Benue state"
441449,BEN-2022-2-5583-18,2022,Fulani - Tiv,Fulani - Tiv,Fulani,Tiv,Benue state,Logo lga,7.772936,9.130232,2022-06-06,2022-06-06,0,0,2,0,2,2,2,"""Daily Trust,2022-06-07,2 Farmers Killed In Benue Fresh Attack""",2 Farmers Killed In Benue Fresh Attack,"at Ikyungwa Tombo Ward, near Ayilamo community in Logo Local Government area of Benue State"
441123,BEN-2022-2-12342-0,2022,Fulani - Idoma,Fulani - Idoma,Fulani,Idoma,Benue state,Okpokwu lga,7.114674,7.817893,2022-06-12,2022-06-12,0,15,0,0,15,37,0,"""AllAfrica,2022-06-14,Gunmen Kill 37 in Attack On Rural Community in Benue"";""AllAfrica,2022-06-13,Just-in - 11 Killed, Scores Injured As Gunmen Attack Benue Community"";""Daily Trust,2022-06-13,Many Killed In Benue Attacks, Houses Set On Fire"";""Vanguard,2022-06-30,A thousand cows not worth life of one man, says Onjeh, as he visits Ojapo IDP camp"";""Idoma Voice,2022-08-10,Leader of bandits who killed 37 people in Idoma community finally arrested"";""Daily Trust,2022-06-17,Police Kill 1, Arrest 3 Over Benue Killings"";""Sun News,2022-06-12,Again, suspected herders storm Community, kill 11""","Gunmen Kill 37 in Attack On Rural Community in Benue;Just-in - 11 Killed, Scores Injured As Gunmen Attack Benue Community;Many Killed In Benue Attacks, Houses Set On Fire;A thousand cows not worth life of one man, says Onjeh, as he visits Ojapo IDP camp;Leader of bandits who killed 37 people in Idoma community finally arrested;Police Kill 1, Arrest 3 Over Benue Killings;Again, suspected herders storm Community, kill 11","Igama, Edumoga Ehaje community in Okpokwu local government area of Benue State

///

in Effeche and Igama in Edumoga Ehaje district of Okpokwu Local Government Area of Benue State"
442142,BEN-2022-2-5583-19,2022,Fulani - Tiv,Fulani - Tiv,Fulani,Tiv,Benue state,Guma lga,8.06667,8.51667,2022-06-21,2022-06-21,0,5,0,0,5,16,5,"""Vanguard,2022-06-22,Herders invade Gov Ortom’s hometown, kill 16 timber dealers""","Herders invade Gov Ortom’s hometown, kill 16 timber dealers",Udei and Yelwata communities in Guma Local Government Area
447695,BEN-2022-2-5583-20,2022,Fulani - Tiv,Fulani - Tiv,Fulani,Tiv,Benue state,Guma lga,7.999177,8.594213,2022-09-01,2022-09-01,0,6,0,0,6,6,0,"""Vanguard,2022-09-03,Again, herdsmen kill six, injure many in Benue community""","Again, herdsmen kill six, injure many in Benue community","on Umella village in Mbawa Council Ward of Guma Local Government Area, LGA, of Benue state"
450147,BEN-2022-2-5583-26,2022,Fulani - Tiv,Fulani - Tiv,Fulani,Tiv,Benue state,Guma lga,7.96667,8.76667,2022-09-03,2022-09-03,0,3,0,0,3,3,0,"""The Punch ,2022-09-05,Herders invade Benue community, kill three villagers""","Herders invade Benue community, kill three villagers","Tse Numgbera, in the Guma Local Government Area of Benue State"
450055,BEN-2022-2-5583-23,2022,Fulani - Tiv,Fulani - Tiv,Fulani,Tiv,Benue state,Guma lga,7.9974,8.4467,2022-09-09,2022-09-10,0,0,0,3,3,3,0,"""Daily Trust ,2022-09-10,Hoodlums Kill 4, Burn Houses In Benue Communities""","Hoodlums Kill 4, Burn Houses In Benue Communities","Yogbo primary school, Guma Local Government Area of Benue State"
450057,BEN-2022-2-5583-24,2022,Fulani - Tiv,Fulani - Tiv,Fulani,Tiv,Benue state,Guma lga,7.96667,8.76667,2022-09-10,2022-09-10,0,0,0,1,1,1,0,"""Daily Trust ,2022-09-10,Hoodlums Kill 4, Burn Houses In Benue Communities""","Hoodlums Kill 4, Burn Houses In Benue Communities","Ukohol, Guma Local Government Area of Benue State"
449544,BEN-2022-2-5583-21,2022,Fulani - Tiv,Fulani - Tiv,Fulani,Tiv,Nasarawa state,Keana lga,8.16746,8.76829,2022-09-10,2022-09-13,0,3,0,0,3,3,3,"""Vanguard,2022-09-14,Suspected herders kill 3 in Nasarawa""",Suspected herders kill 3 in Nasarawa,"Antsa village, Kwarra district, Keana Local Government Area of Nasarawa State"
450139,BEN-2022-2-5583-25,2022,Fulani - Tiv,Fulani - Tiv,Fulani,Tiv,Benue state,Guma lga,7.96667,8.76667,2022-09-18,2022-09-18,0,3,0,0,3,3,3,"""Punch Metro ,2022-09-20,Bandits kill three in Gov Ortom’s hometown""",Bandits kill three in Gov Ortom’s hometown,Ngban community in the Guma Local Government Are
450039,BEN-2022-2-5583-28,2022,Fulani - Tiv,Fulani - Tiv,Fulani,Tiv,Benue state,Logo lga,7.81875,9.24534,2022-09-21,2022-09-21,0,0,0,12,12,12,12,"""Daily Trust ,2022-09-22,Terrorists Kill 15 In Fresh Attacks On Benue Communities"";""The Punch,2022-09-23,Gunmen raid Benue communities, kill 15, evade arrest""","Terrorists Kill 15 In Fresh Attacks On Benue Communities;Gunmen raid Benue communities, kill 15, evade arrest","1. Mchia village in Mbagber council ward 

///
2. Mou village in Ukemberagya/Tswarev council ward"
450784,BEN-2022-2-5583-27.2,2022,Fulani - Tiv,Fulani - Tiv,Fulani,Tiv,Benue state,Logo lga,7.68922,9.25049,2022-09-21,2022-09-21,0,0,0,3,3,3,2,"""Daily Trust ,2022-09-22,Terrorists Kill 15 In Fresh Attacks On Benue Communities"";""The Punch,2022-09-23,Gunmen raid Benue communities, kill 15, evade arrest""","Terrorists Kill 15 In Fresh Attacks On Benue Communities;Gunmen raid Benue communities, kill 15, evade arrest","1. Mchia village in Mbagber council ward 

///
2. Mou village in Ukemberagya/Tswarev council ward"
453261,BEN-2022-2-5583-33,2022,Fulani - Tiv,Fulani - Tiv,Fulani,Tiv,Nasarawa state,Keana lga,8.23333,8.56667,2022-10-08,2022-10-08,2,0,0,0,2,2,2,"""Nigerian Tribune ,2022-10-10,Gunmen Kill 11 In Nasarawa """,Gunmen Kill 11 In Nasarawa,"Kadarko district, Keana local government area of Nasarawa State."
452690,BEN-2022-2-5583-30,2022,Fulani - Tiv,Fulani - Tiv,Fulani,Tiv,Nasarawa state,Keana lga,8.197938,8.58322,2022-10-08,2022-10-08,0,9,0,0,9,9,9,"""The Punch,2022-10-10,Gunmen kill nine Tiv farmers in Nasarawa community""",Gunmen kill nine Tiv farmers in Nasarawa community,Gidan Sule community in the Keana Local Government Area of Nasarawa State
452698,BEN-2022-2-5583-31,2022,Fulani - Tiv,Fulani - Tiv,Fulani,Tiv,Benue state,Guma lga,8.160068,8.591141,2022-10-12,2022-10-12,0,0,0,5,5,5,5,"""The Punch,2022-10-12,Suspected herders kill five in Benue""",Suspected herders kill five in Benue,Yelwata in Guma Local Government Area of Benue State
452766,BEN-2022-2-5583-32,2022,Fulani - Tiv,Fulani - Tiv,Fulani,Tiv,Benue state,Ukum lga,7.810381,9.463429,2022-10-18,2022-10-18,0,0,0,36,36,36,36,"""Vanguard,2022-10-22,Herdsmen killings: Death toll in Benue rises to 36"";""Agence France Presse,2022-10-20,Clashes kill 18 in central Nigeria: officials""",Herdsmen killings: Death toll in Benue rises to 36;Clashes kill 18 in central Nigeria: officials,Gbeji farming village in Ukum district
453448,BEN-2022-2-5583-36,2022,Fulani - Tiv,Fulani - Tiv,Fulani,Tiv,Nasarawa state,Obi lga,8.34738,8.72769,2022-10-21,2022-10-21,0,2,0,0,2,2,2,"""The Punch,2022-10-22,Gunmen kill two farmers in Nasarawa""",Gunmen kill two farmers in Nasarawa,"Gidan Ityotyev, Obi Local Government Area of Nasarawa State"
453423,BEN-2022-2-5583-35,2022,Fulani - Tiv,Fulani - Tiv,Fulani,Tiv,Benue state,Logo lga,7.834274,9.249262,2022-10-21,2022-10-21,0,1,0,0,1,1,1,"""anguard,2022-10-24,Again, three killed in Benue by armed herdsmen""","Again, three killed in Benue by armed herdsmen","Same area as: 
Tse Ikem road near Anawah settlement between Chembe and Anyiin
/ Near a military checkpoint at Arufu town"
453421,BEN-2022-2-5583-34,2022,Fulani - Tiv,Fulani - Tiv,Fulani,Tiv,Benue state,Logo lga,7.834274,9.249262,2022-10-23,2022-10-23,0,2,0,0,2,2,2,"""Vanguard ,2022-10-24,Again, three killed in Benue by armed herdsmen""","Again, three killed in Benue by armed herdsmen","Tse Ikem road near Anawah settlement between Chembe and Anyiin
/ Near a military checkpoint at Arufu town"
453473,BEN-2022-2-5583-37,2022,Fulani - Tiv,Fulani - Tiv,Fulani,Tiv,Benue state,Logo lga,7.834274,9.249262,2022-10-29,2022-10-29,0,0,0,3,3,3,3,"""Leadership ,2022-10-29,Again Suspected Herdsmen Kill 4 In Benue Community """,Again Suspected Herdsmen Kill 4 In Benue Community,"Ukemberagya, Gaambetiev, Tse Ikyem, in Logo local government area of Benue State"
456271,BEN-2022-2-5583-40,2022,Fulani - Tiv,Fulani - Tiv,Fulani,Tiv,Benue state,Guma lga,7.96667,8.76667,2022-11-03,2022-11-03,0,0,0,18,18,18,0,"""The Punch,2022-11-05,{'rendered': 'Suspected herders invade Benue market, kill 18'}"";""This Day ,2022-11-05,Suspected Herdsmen Kill 18 Residents in Benue""","{'rendered': 'Suspected herders invade Benue market, kill 18'};Suspected Herdsmen Kill 18 Residents in Benue","Ukohol and other adjourning villages, Guma Local Government Area of Benue State"
456270,BEN-2022-2-5583-38,2022,Fulani - Tiv,Fulani - Tiv,Fulani,Tiv,Benue state,Makurdi lga,7.787948,8.518014,2022-11-05,2022-11-05,0,0,0,2,2,2,0,"""Vanguard,2022-11-05,Again, armed herders kill two in Makurdi attack""","Again, armed herders kill two in Makurdi attack",Zongo Akiki community in the North Bank area of Makurdi town
458680,BEN-2022-2-5583-39,2022,Fulani - Tiv,Fulani - Tiv,Fulani,Tiv,Benue state,Makurdi lga,7.697829,8.455739,2022-12-16,2022-12-16,0,3,0,0,3,3,3,"""The Punch ,2022-12-19,Farmers kill cows, three youths murdered in reprisal""","Farmers kill cows, three youths murdered in reprisal","Adaka, suburb of Makurdi, Benue state"
462818,BEN-2023-2-5583-16,2023,Fulani - Tiv,Fulani - Tiv,Fulani,Tiv,Benue state,Makurdi lga,7.7411,8.5121,2023-01-19,2023-01-19,0,9,0,0,9,9,9,"""Zagazola,2023-01-20,Bandits kill 8 in Benue community  "";""Crisiswatch,2023-02-06,Nigeria: January 2023"";""The Punch,2023-01-20,Suspected bandits attack Benue community, kill eight"";""Agence France Presse,2023-01-20,Gunmen kill 9 in Nigeria in suspected intercommunal attack""","Bandits kill 8 in Benue community  ;Nigeria: January 2023;Suspected bandits attack Benue community, kill eight;Gunmen kill 9 in Nigeria in suspected intercommunal attack","Abagena, Makurdi Local Government Area of Benue"
463728,BEN-2023-2-5583-19,2023,Fulani - Tiv,Fulani - Tiv,Fulani,Tiv,Benue state,Logo lga,7.68922,9.25049,2023-01-29,2023-01-29,0,0,0,2,2,2,2,"""The Nation ,2023-02-01,Gunmen kill two, burn houses in Benue""","Gunmen kill two, burn houses in Benue",Gaambetiev community in Logo Local Government Area of Benue State
463730,BEN-2023-2-5583-21.1,2023,Fulani - Tiv,Fulani - Tiv,Fulani,Tiv,Benue state,Guma lga,8.06667,8.51667,2023-01-30,2023-01-30,0,2,0,0,2,2,2,"""Vanguard ,2023-01-31,DPO, 2 Policemen, five women, children killed in fresh herders attacks on Benue communities""","DPO, 2 Policemen, five women, children killed in fresh herders attacks on Benue communities",Udei and Torkula villages in Guma LGA
512152,BEN-2023-2-5583-21.2,2023,Fulani - Tiv,Fulani - Tiv,Fulani,Tiv,Benue state,Guma lga,8.025084,8.896986,2023-01-30,2023-01-30,0,3,0,0,3,3,3,"""Vanguard ,2023-01-31,DPO, 2 Policemen, five women, children killed in fresh herders attacks on Benue communities""","DPO, 2 Policemen, five women, children killed in fresh herders attacks on Benue communities",Udei and Torkula villages in Guma LGA
466530,BEN-2023-2-5583-17,2023,Fulani - Tiv,Fulani - Tiv,Fulani,Tiv,Benue state,Gwer West lga,7.5834,8.2055,2023-02-08,2023-02-10,0,6,0,0,6,6,6,"""Vanguard,2023-02-10,Armed herders kill six, raze houses, food barns in Benue"";""The Punch,2023-02-11,Suspected herders kill five, set houses ablaze in Benue"";""International Centre for Investigative Reporting ,2023-02-11,Six killed, several injured in suspected herdsmen attack in Benue""","Armed herders kill six, raze houses, food barns in Benue;Suspected herders kill five, set houses ablaze in Benue;Six killed, several injured in suspected herdsmen attack in Benue","Naka, Nagi community, Mbachohon Council Ward of Gwer West Local Government Area, LGA, of Benue state"
467166,BEN-2023-2-5583-2,2023,Fulani - Tiv,Fulani - Tiv,Fulani,Tiv,Benue state,Logo lga,7.834198,9.305473,2023-02-22,2023-02-24,0,1,0,0,1,1,1,"""Vanguard,2023-02-24,Armed herders invade 4 Benue LGAs, kill 7  ""","Armed herders invade 4 Benue LGAs, kill 7","Ukemberagya of Ukemberagya/Tswarev Council Ward, including Chamber, Mgbapa and Tse Igbur, Logo LGA"
467160,BEN-2023-2-5583-1,2023,Fulani - Tiv,Fulani - Tiv,Fulani,Tiv,Benue state,Guma lga,7.7166,8.899,2023-02-22,2023-02-22,0,1,0,0,1,1,1,"""Vanguard,2023-02-24,Armed herders invade 4 Benue LGAs, kill 7  ""","Armed herders invade 4 Benue LGAs, kill 7","Tyulen village, Agasha in Guma council"
467164,BEN-2023-2-5583-27,2023,Fulani - Tiv,Fulani - Tiv,Fulani,Tiv,Benue state,Gwer West lga,7.7164,8.1359,2023-02-22,2023-02-24,0,0,0,2,2,2,2,"""Vanguard,2023-02-24,Armed herders invade 4 Benue LGAs, kill 7  ""","Armed herders invade 4 Benue LGAs, kill 7","Ikobi community in Apa LGA
Agagbe in Gwer West LGA"
469982,BEN-2023-2-5583-3,2023,Fulani - Tiv,Fulani - Tiv,Fulani,Tiv,Benue state,Kwande lga,6.80099,9.47021,2023-02-22,2023-03-05,0,37,0,0,37,50,37,"""AllAfrica,2023-03-06,Over 36 Killed As Herdsmen Attack Communities in Benue"";""AllAfrica,2023-03-06,Armed Herders Attack Tiv Ancestral Headquarters, Kill Over 36 in Benue"";""The Punch,2023-03-07,50 feared killed as suspected herdsmen invade Benue communities"";""AllAfrica,2023-03-07,Many Killed in Benue Farmers-Herders Clashes"";""AllAfrica,2023-04-10,Herdsmen Killed My 2 Children, 37 Others - Benue Monarch Weeps"";""The Punch,2023-04-11,Displaced from homes, herdsmen extend killings to Benue IDP camp""","Over 36 Killed As Herdsmen Attack Communities in Benue;Armed Herders Attack Tiv Ancestral Headquarters, Kill Over 36 in Benue;50 feared killed as suspected herdsmen invade Benue communities;Many Killed in Benue Farmers-Herders Clashes;Herdsmen Killed My 2 Children, 37 Others - Benue Monarch Weeps;Displaced from homes, herdsmen extend killings to Benue IDP camp","Many villages including Ugbe, Iyon, Ityuluv, Injov Tyopaver, Kendev, Maav , Moon, Mbaikyor, Mbadura, Ilyav, Adam, Iyarinwa, Abamde Ityuluv, Waya Boagundu, Agura Ayaga and Azege areas in Turan Council Ward, Kwande LGA"
466856,BEN-2023-2-5583-0.1,2023,Fulani - Tiv,Fulani - Tiv,Fulani,Tiv,Benue state,Guma lga,7.91846,8.59469,2023-02-26,2023-02-26,0,0,0,2,2,2,2,"""The Punch,2023-02-27,Rampaging herders kill 13 in three Benue villages""",Rampaging herders kill 13 in three Benue villages,"Tse Lgar
Tse- Magu
Tse-Dudu in Daudu
all in Guma Local Government Area"
496028,BEN-2023-2-5583-0.2,2023,Fulani - Tiv,Fulani - Tiv,Fulani,Tiv,Benue state,Guma lga,7.96667,8.76667,2023-02-26,2023-02-26,0,0,0,11,11,11,11,"""The Punch,2023-02-27,Rampaging herders kill 13 in three Benue villages""",Rampaging herders kill 13 in three Benue villages,"Tse Lgar
Tse- Magu
Tse-Dudu in Daudu
all in Guma Local Government Area"
470256,BEN-2023-2-5583-18.1,2023,Fulani - Tiv,Fulani - Tiv,Fulani,Tiv,Benue state,Guma lga,8.06667,8.51667,2023-03-23,2023-03-23,0,4,0,0,4,4,4,"""The Punch,2023-03-27,Suspected herdsmen kill five in Benue communities"";""The Punch,2023-04-07,Killer herdsmen raid Benue community, kill policeman, 45 others""","Suspected herdsmen kill five in Benue communities;Killer herdsmen raid Benue community, kill policeman, 45 others","Guma Local Government Area of Benue State 
Udei, Njee, Chongu (Mbagwa-Mbawa, Daudu)"
501069,NIG-2023-2-12341-1.2,2023,Agatu - Fulani,Agatu - Fulani,Agatu,Fulani,Benue state,Agatu lga,7.768717,7.950988,2023-03-23,2023-03-23,2,0,0,0,2,2,2,"""The Punch,2023-03-24,Herders kill five in Benue communities"";""Vanguard,2023-03-24,Youth leader, four others killed in fresh herders attack in Benue""","Herders kill five in Benue communities;Youth leader, four others killed in fresh herders attack in Benue",Atakpa and Ogbaulu communities in Agatu LGA
470228,NIG-2023-2-12341-1.1,2023,Agatu - Fulani,Agatu - Fulani,Agatu,Fulani,Benue state,Agatu lga,7.742912,7.923417,2023-03-23,2023-03-23,2,0,0,0,2,2,2,"""The Punch,2023-03-24,Herders kill five in Benue communities"";""Vanguard,2023-03-24,Youth leader, four others killed in fresh herders attack in Benue""","Herders kill five in Benue communities;Youth leader, four others killed in fresh herders attack in Benue",Atakpa and Ogbaulu communities in Agatu LGA
512829,BEN-2023-2-5583-18.2,2023,Fulani - Tiv,Fulani - Tiv,Fulani,Tiv,Benue state,Guma lga,7.96667,8.76667,2023-03-26,2023-03-26,0,1,0,0,1,1,1,"""The Punch,2023-03-27,Suspected herdsmen kill five in Benue communities"";""The Punch,2023-04-07,Killer herdsmen raid Benue community, kill policeman, 45 others""","Suspected herdsmen kill five in Benue communities;Killer herdsmen raid Benue community, kill policeman, 45 others","Guma Local Government Area of Benue State 
Udei, Njee, Chongu (Mbagwa-Mbawa, Daudu)"
512830,BEN-2023-2-5583-18.3,2023,Fulani - Tiv,Fulani - Tiv,Fulani,Tiv,Benue state,Guma lga,7.86616,8.66509,2023-03-26,2023-03-26,0,1,0,0,1,1,1,"""The Punch,2023-03-27,Suspected herdsmen kill five in Benue communities"";""The Punch,2023-04-07,Killer herdsmen raid Benue community, kill policeman, 45 others""","Suspected herdsmen kill five in Benue communities;Killer herdsmen raid Benue community, kill policeman, 45 others","Guma Local Government Area of Benue State 
Udei, Njee, Chongu (Mbagwa-Mbawa, Daudu)"
470020,BEN-2023-2-5583-4,2023,Fulani - Tiv,Fulani - Tiv,Fulani,Tiv,Benue state,Logo lga,7.834198,9.305473,2023-04-02,2023-04-02,0,1,0,0,1,1,1,"""The Punch,2023-04-03,Gunmen kill one, abduct three Benue church worshippers"";""Agence France Presse,2023-04-03,Nigeria gunmen kill 12 people in four attacks""","Gunmen kill one, abduct three Benue church worshippers;Nigeria gunmen kill 12 people in four attacks","Akenawe, Tswarev in the Ukemberagya/Tswarev council ward of Logo Local Government Area of Benue State"
474389,BEN-2023-2-12342-1,2023,Fulani - Idoma,Fulani - Idoma,Fulani,Idoma,Benue state,Oturkpo lga,7.519966,7.977031,2023-04-04,2023-04-04,0,0,0,3,3,3,3,"""Vanguard,2023-04-05,Herders attack Benue community, kill 3"";""The Punch,2023-04-06,Suspected herders kill three in fresh Benue attack""","Herders attack Benue community, kill 3;Suspected herders kill three in fresh Benue attack",Umogidi village in Enetekpa Adoka district of Otukpo Local Government Area of Benue State
474395,BEN-2023-2-12342-0,2023,Fulani - Idoma,Fulani - Idoma,Fulani,Idoma,Benue state,Oturkpo lga,7.519966,7.977031,2023-04-05,2023-04-05,0,51,0,0,51,51,51,"""Vanguard,2023-04-07,Umogidi massacre: Ortom visits community, appeals for calm, vigilance"";""Vanguard,2023-04-08,Benue herders attack: Death toll hits 51"";""The Punch,2023-04-11,Displaced from homes, herdsmen extend killings to Benue IDP camp"";""AllAfrica,2023-04-10,Benue Herders Attack - Death Toll Hits 51"";""The Punch,2023-04-07,Killer herdsmen raid Benue community, kill policeman, 45 others"";""Agence France Presse,2023-04-07,Gunmen kill nearly 50 in north central Nigeria"";""Channels TV ,2023-04-06,Suspected Herdsmen Kill 46 Persons In Benue""","Umogidi massacre: Ortom visits community, appeals for calm, vigilance;Benue herders attack: Death toll hits 51;Displaced from homes, herdsmen extend killings to Benue IDP camp;Benue Herders Attack - Death Toll Hits 51;Killer herdsmen raid Benue community, kill policeman, 45 others;Gunmen kill nearly 50 in north central Nigeria;Suspected Herdsmen Kill 46 Persons In Benue",Umogidi community of Entekpa Adoka district in the Otukpo Local Government Area of Benue State
474397,BEN-2023-2-5583-7,2023,Fulani - Tiv,Fulani - Tiv,Fulani,Tiv,Benue state,Guma lga,8.00955,8.48377,2023-04-07,2023-04-07,0,0,0,39,39,39,39,"""The Punch,2023-04-11,Displaced from homes, herdsmen extend killings to Benue IDP camp"";""The Punch,2023-04-08,I lost two sons to Benue killings – Monarch"";""The Punch,2023-04-08,BREAKING: Suspected herders kill 34 in Benue"";""Agence France Presse,2023-04-08,Gunmen kill dozens in north central Nigeria displaced camp"";""Reuters News,2023-04-08,Armed gangs kill 74 in Nigeria's Benue state"";""Reuters News,2023-04-08,Armed gangs kill 74 in Nigeria's Benue state"";""AllAfrica,2023-04-10,Herdsmen Killed My 2 Children, 37 Others - Benue Monarch Weeps""","Displaced from homes, herdsmen extend killings to Benue IDP camp;I lost two sons to Benue killings – Monarch;BREAKING: Suspected herders kill 34 in Benue;Gunmen kill dozens in north central Nigeria displaced camp;Armed gangs kill 74 in Nigeria's Benue state;Armed gangs kill 74 in Nigeria's Benue state;Herdsmen Killed My 2 Children, 37 Others - Benue Monarch Weeps",Mgban in Nyiev council ward in Guma Local Government Area of Benue State
475015,BEN-2023-2-5583-6,2023,Fulani - Tiv,Fulani - Tiv,Fulani,Tiv,Benue state,Guma lga,8.06667,8.51667,2023-04-30,2023-04-30,0,2,0,0,2,2,2,"""Daily Trust ,2023-05-03,Gunmen Kill 2 In Benue Village""",Gunmen Kill 2 In Benue Village,Udei community in Guma Local Government Area of Benue State
475756,BEN-2023-2-5583-26.1,2023,Fulani - Tiv,Fulani - Tiv,Fulani,Tiv,Benue state,Guma lga,7.96667,8.76667,2023-05-05,2023-05-07,0,0,0,1,1,1,1,"""Vanguard ,2023-05-08,Herders kill Catechist, wife, 5 others in Ortom’s village, other communities""","Herders kill Catechist, wife, 5 others in Ortom’s village, other communities","Tse-Ortom, Hirnyam and Semaka communities, Guma LGA"
512827,BEN-2023-2-5583-26.2,2023,Fulani - Tiv,Fulani - Tiv,Fulani,Tiv,Benue state,Guma lga,7.982061,8.564771,2023-05-05,2023-05-07,0,0,0,4,4,4,4,"""Vanguard ,2023-05-08,Herders kill Catechist, wife, 5 others in Ortom’s village, other communities""","Herders kill Catechist, wife, 5 others in Ortom’s village, other communities","Tse-Ortom, Hirnyam and Semaka communities, Guma LGA"
512828,BEN-2023-2-5583-26.3,2023,Fulani - Tiv,Fulani - Tiv,Fulani,Tiv,Benue state,Guma lga,7.96667,8.76667,2023-05-05,2023-05-07,0,0,0,2,2,2,2,"""Vanguard ,2023-05-08,Herders kill Catechist, wife, 5 others in Ortom’s village, other communities""","Herders kill Catechist, wife, 5 others in Ortom’s village, other communities","Tse-Ortom, Hirnyam and Semaka communities, Guma LGA"
512925,BEN-2023-2-5583-8.2,2023,Fulani - Tiv,Fulani - Tiv,Fulani,Tiv,Benue state,Gwer West lga,7.63211,8.21656,2023-05-15,2023-05-15,0,0,0,6,6,6,6,"""This Day ,2023-05-17,Nine Killed by Suspected Herders in Benue"";""The Punch,2023-05-16,Gunmen kill nine in Benue""",Nine Killed by Suspected Herders in Benue;Gunmen kill nine in Benue,"Ijaha village, Apa LGA 
Ucheen community, Gwer west"
476465,BEN-2023-2-5583-24,2023,Fulani - Tiv,Fulani - Tiv,Fulani,Tiv,Benue state,Guma lga,7.842145,8.861159,2023-05-21,2023-05-21,0,19,0,0,19,19,19,"""The Punch,2023-05-22,Benue killings: Women, children beheaded, burnt in fresh attack""","Benue killings: Women, children beheaded, burnt in fresh attack","Iye Community in Uvir Council Ward of Guma Local Government Area, of Benue State"
482485,BEN-2023-2-5583-9,2023,Fulani - Tiv,Fulani - Tiv,Fulani,Tiv,Benue state,Guma lga,7.96903,8.6355,2023-07-04,2023-07-04,0,1,0,0,1,1,1,"""Vanguard,2023-07-05,Suspected herders invade Benue community, kill one, steal farm produce"";""Vanguard,2023-07-05,Suspected armed herders invade Benue IDPs host community, kill one""","Suspected herders invade Benue community, kill one, steal farm produce;Suspected armed herders invade Benue IDPs host community, kill one","Tse Uikpam, an Internally Displaced Persons, IDPs, host community, in Guma Local Government Area of Benue State"
489656,BEN-2023-2-5583-25.1,2023,Fulani - Tiv,Fulani - Tiv,Fulani,Tiv,Benue state,Guma lga,8.096734,8.574348,2023-08-10,2023-08-11,0,3,0,0,3,3,3,"""The Punch,2023-08-11,Protesting Benue women block Makurdi/Abuja highway as herdsmen kill five""",Protesting Benue women block Makurdi/Abuja highway as herdsmen kill five,"Ngban and Nyian villages, Guma LGA"
512823,BEN-2023-2-5583-25.2,2023,Fulani - Tiv,Fulani - Tiv,Fulani,Tiv,Benue state,Guma lga,7.785545,8.656427,2023-08-10,2023-08-11,0,2,0,0,2,2,2,"""The Punch,2023-08-11,Protesting Benue women block Makurdi/Abuja highway as herdsmen kill five""",Protesting Benue women block Makurdi/Abuja highway as herdsmen kill five,"Ngban and Nyian villages, Guma LGA"
489973,BEN-2023-2-5583-22,2023,Fulani - Tiv,Fulani - Tiv,Fulani,Tiv,Benue state,Guma lga,7.96667,8.76667,2023-08-13,2023-08-13,0,2,0,0,2,2,2,"""Daily Trust ,2023-08-15,Gunmen Kill 2 In Benue""",Gunmen Kill 2 In Benue,Ortese village of Guma Local Government Area in Benue State
494542,BEN-2023-2-5583-11,2023,Fulani - Tiv,Fulani - Tiv,Fulani,Tiv,Nasarawa state,Keana lga,8.16746,8.76829,2023-09-22,2023-09-25,0,1,0,0,1,1,1,"""New Telegraph Nigeria ,2023-09-25,4 Die In Farmers/Herders Clash In Nasarawa Communities""",4 Die In Farmers/Herders Clash In Nasarawa Communities,Keana local government
494539,BEN-2023-2-5583-12,2023,Fulani - Tiv,Fulani - Tiv,Fulani,Tiv,Nasarawa state,Obi lga,8.34738,8.72769,2023-09-22,2023-09-25,1,1,0,0,2,2,2,"""New Telegraph Nigeria ,2023-09-25,4 Die In Farmers/Herders Clash In Nasarawa Communities""",4 Die In Farmers/Herders Clash In Nasarawa Communities,Kertyo in the Obi Local Government Area
494540,BEN-2023-2-5583-10,2023,Fulani - Tiv,Fulani - Tiv,Fulani,Tiv,Nasarawa state,Doma lga,8.39307,8.35544,2023-09-22,2023-09-25,0,1,0,0,1,1,1,"""New Telegraph Nigeria ,2023-09-25,4 Die In Farmers/Herders Clash In Nasarawa Communities""",4 Die In Farmers/Herders Clash In Nasarawa Communities,Doka ward in the Doma local government Area
498739,BEN-2023-2-5583-13,2023,Fulani - Tiv,Fulani - Tiv,Fulani,Tiv,Benue state,Logo lga,7.68922,9.25049,2023-10-14,2023-10-14,0,3,0,0,3,3,3,"""Vanguard,2023-10-15,Suspected armed herdsmen attack another Benue community, kill 3, injure others""","Suspected armed herdsmen attack another Benue community, kill 3, injure others","Imatom community in Chembe- Ukemberagya, Logo Lacal Government Area, LGA, of Benue State"
498789,BEN-2023-2-5583-14,2023,Fulani - Tiv,Fulani - Tiv,Fulani,Tiv,Benue state,Gwer West lga,7.693824,8.18816,2023-10-17,2023-10-17,0,4,0,0,4,4,4,"""The Punch,2023-10-18,Again, suspected herders kill nine in Benue separate attacks""","Again, suspected herders kill nine in Benue separate attacks","Nagi camp, Mbachohon council ward, Gwer West LGA"
498465,BEN-2023-2-5583-20,2023,Fulani - Tiv,Fulani - Tiv,Fulani,Tiv,Benue state,Logo lga,7.772936,9.130232,2023-10-17,2023-10-17,0,5,0,0,5,5,5,"""Vanguard,2023-10-18,9 killed, many injured as armed herders storm two Benue LGs"";""Zagazola,2023-10-19,Gunmen kill 5 in Benue""","9 killed, many injured as armed herders storm two Benue LGs;Gunmen kill 5 in Benue","Ayilamo, a village in Logo Local Government of Benue"
498903,BEN-2023-2-5583-15,2023,Fulani - Tiv,Fulani - Tiv,Fulani,Tiv,Benue state,Guma lga,8.005823,8.554136,2023-10-26,2023-10-27,0,3,0,0,3,3,3,"""Vanguard,2023-10-27,Armed herdsmen lay ambush on Makurdi-Lafia road, kill 3, injure others""","Armed herdsmen lay ambush on Makurdi-Lafia road, kill 3, injure others","Makurdi-Lafia road around Ortese in Guma Local Government Area, LGA, of Benue state"
498917,BEN-2023-2-5583-23.1,2023,Fulani - Tiv,Fulani - Tiv,Fulani,Tiv,Benue state,Gwer West lga,7.693824,8.18816,2023-10-29,2023-10-29,0,0,0,3,3,3,3,"""The Punch,2023-10-30,Suspected herdsmen raid Benue communities, kill PPRO's relatives""","Suspected herdsmen raid Benue communities, kill PPRO's relatives","Tse Gamber in Sengev and Nagi, Mbachohon Council wards, all in the Gwer West local government area of Benue State"
512819,BEN-2023-2-5583-23.2,2023,Fulani - Tiv,Fulani - Tiv,Fulani,Tiv,Benue state,Gwer West lga,7.63211,8.21656,2023-10-29,2023-10-29,0,0,0,4,4,4,4,"""The Punch,2023-10-30,Suspected herdsmen raid Benue communities, kill PPRO's relatives""","Suspected herdsmen raid Benue communities, kill PPRO's relatives","Tse Gamber in Sengev and Nagi, Mbachohon Council wards, all in the Gwer West local government area of Benue State"
507697,BEN-2024-2-10104-0,2024,"Fulani, Jukun - Tiv","Fulani, Jukun - Tiv","Fulani, Jukun",Tiv,Benue state,Logo lga,7.68922,9.25049,2024-01-07,2024-01-07,0,0,0,7,7,7,7,"""Vanguard,2024-01-08,Suspected herdsmen kill 7, injure others in fresh attack on Benue communities"";""The Punch,2024-01-09,Scores missing as bandits kill seven in fresh Benue attack"";""Leadership ,2024-01-09,Gunmen Kill 7 In Benue Community""","Suspected herdsmen kill 7, injure others in fresh attack on Benue communities;Scores missing as bandits kill seven in fresh Benue attack;Gunmen Kill 7 In Benue Community","Mchia Gambetiev, Logo local government area of Benue State"
511417,NIG-2024-2-12341-10,2024,Agatu - Fulani,Agatu - Fulani,Agatu,Fulani,Benue state,Agatu lga,7.9061,7.85487,2024-01-18,2024-01-19,0,0,0,2,2,2,2,"""Vanguard,2024-01-19,Benue: Two soldiers, two others killed in fresh herders’ attack on Agatu"";""The Punch,2024-01-19,Gunmen kill two soldiers, others in Benue"";""Vanguard,2024-01-20,Benue attack: OPWS lost 3 personnel, two injured – Commander""","Benue: Two soldiers, two others killed in fresh herders’ attack on Agatu;Gunmen kill two soldiers, others in Benue;Benue attack: OPWS lost 3 personnel, two injured – Commander","Otiya village, Agatu Local Government Area, LGA, of Benue State."
511473,NIG-2024-2-12341-4,2024,Agatu - Fulani,Agatu - Fulani,Agatu,Fulani,Benue state,Agatu lga,7.8677,8.0949,2024-01-23,2024-01-23,0,0,0,2,2,2,2,"""Vanguard,2024-01-24,Benue: Two killed, many injured in fresh herdsmen attack on Agatu""","Benue: Two killed, many injured in fresh herdsmen attack on Agatu","Ikpele and Okpokpolo communities of Agatu Local Government Area, LGA"
511570,NIG-2024-2-12341-5,2024,Agatu - Fulani,Agatu - Fulani,Agatu,Fulani,Benue state,Agatu lga,7.9919,7.6557,2024-01-27,2024-01-27,0,0,0,8,8,8,8,"""The Punch,2024-01-28,Again, gunmen kill eight in Benue""","Again, gunmen kill eight in Benue","Ogwumogbo, Ikpele, and Ejima communities in Agatu Local Government Area of Benue State"
510342,NIG-2024-2-12341-3,2024,Agatu - Fulani,Agatu - Fulani,Agatu,Fulani,Benue state,Agatu lga,7.9061,7.85487,2024-01-31,2024-01-31,0,0,0,15,15,15,15,"""Crisis Watch ,2024-02-06,Nigeria: January 2024 "";""Vanguard,2024-02-01,Benue: Again, armed herders kill 15 in Agatu, whisk away children""","Nigeria: January 2024 ;Benue: Again, armed herders kill 15 in Agatu, whisk away children","Ugboju community in Agatu Local Government Area, LGA, of Benue State"
514985,BEN-2024-2-12342-1,2024,Fulani - Idoma,Fulani - Idoma,Fulani,Idoma,Benue state,Oturkpo lga,7.453699,7.978458,2024-02-03,2024-02-05,0,0,0,10,10,10,10,"""Vanguard,2024-02-05,Armed herdsmen kill 10 in Benue, occupy communities"";""The Punch,2024-02-06,Many feared killed in fresh Benue attack, seven corpses recovered""","Armed herdsmen kill 10 in Benue, occupy communities;Many feared killed in fresh Benue attack, seven corpses recovered","Iwili community in Umogidi Ward and Entekpa community all in Adoka District of Otukpo Local Government Area, LGA, of Benue state"
515035,BEN-2024-2-12342-0,2024,Fulani - Idoma,Fulani - Idoma,Fulani,Idoma,Benue state,Oturkpo lga,7.519966,7.977031,2024-02-08,2024-02-08,0,0,0,2,2,2,2,"""Vanguard,2024-02-10,Benue: Again, armed herdsmen kill 2, injure others in Otukpo"";""The Punch,2024-02-11,Two killed in fresh Benue attack""","Benue: Again, armed herdsmen kill 2, injure others in Otukpo;Two killed in fresh Benue attack",Umogidi community in Entekpa Ward of Adoka District in Otukpo Local Government Area
518135,BEN-2024-2-5583-6,2024,Fulani - Tiv,Fulani - Tiv,Fulani,Tiv,Benue state,Kwande lga,6.89857,9.49676,2024-03-03,2024-03-03,0,2,0,0,2,2,2,"""Vanguard,2024-03-04,Herdsmen invade 2 Benue communities, kill three, injure scores""","Herdsmen invade 2 Benue communities, kill three, injure scores","Udedeku community of Maav-Ya, Mkoonmom district of Mbaikyor Council Ward, Turan Jato-Aka in Kwande LGA"
518145,BEN-2024-2-5583-1,2024,Fulani - Tiv,Fulani - Tiv,Fulani,Tiv,Benue state,Agatu lga,7.805479,8.057261,2024-03-04,2024-03-04,0,2,0,0,2,2,2,"""Vanguard,2024-03-06,Herdsmen kill 2, machete woman in Benue""","Herdsmen kill 2, machete woman in Benue","Odugbo, in Edikwu Ukpogo and Odugbo communities"
518160,BEN-2024-2-5583-4,2024,Fulani - Tiv,Fulani - Tiv,Fulani,Tiv,Benue state,Gwer East lga,7.507617,8.443174,2024-03-07,2024-03-07,0,0,0,16,16,16,0,"""Vanguard,2024-03-08,Herdsmen attack: Retired army officer, 15 others killed in another Benue bloodbath"";""The Punch,2024-03-08,16 feared killed in fresh Benue attack"";""Peoples Daily ,2024-03-20,Insecurity: Stop attack on our people, group urges FG, Intn’l community""","Herdsmen attack: Retired army officer, 15 others killed in another Benue bloodbath;16 feared killed in fresh Benue attack;Insecurity: Stop attack on our people, group urges FG, Intn’l community","Wandor, Mbaikyor community in the Mbalom Council Ward, Gwer East Local Government Area of Benue State"
546583,BEN-2024-2-5583-3.2,2024,Fulani - Tiv,Fulani - Tiv,Fulani,Tiv,Benue state,Logo lga,7.834198,9.305473,2024-03-19,2024-03-19,0,0,0,2,2,2,2,"""The Punch,2024-03-22,Again, bandits kill seven in Benue""","Again, bandits kill seven in Benue",Yongia Uambie Tiev in Ukembrergya/Tswarev ward in the Logo Local Government Area of Benue State
518444,NIG-2024-2-12341-11,2024,Agatu - Fulani,Agatu - Fulani,Agatu,Fulani,Benue state,Apa lga,7.608969,7.931,2024-03-19,2024-03-21,0,0,0,15,15,15,15,"""The Punch,2024-03-22,Scores killed as bandits sack nine Benue communities"";""Channels,2024-03-21,Scores Feared Killed In Suspected Herdsmen Attack In Benue"";""Independent Newspaper Nigeria,2024-03-21,Again, 15 Die In Herdsmen Invasion Of Four Benue Communities"";""Symfoni,2024-03-19,Again, armed herdsmen kill over 15 in Benue, injure many""","Scores killed as bandits sack nine Benue communities;Scores Feared Killed In Suspected Herdsmen Attack In Benue;Again, 15 Die In Herdsmen Invasion Of Four Benue Communities;Again, armed herdsmen kill over 15 in Benue, injure many","Edikpo, Opaha, Odugbo, Akpete, Ikobi, Akpata, Idiaha, Ochumekwu, Adiga communities 

///
Akpete, Ijaha, Ochumekwu and Inyapu"
518431,BEN-2024-2-12342-2,2024,Fulani - Idoma,Fulani - Idoma,Fulani,Idoma,Benue state,Oturkpo lga,7.474899,8.016634,2024-03-19,2024-03-19,0,2,0,0,2,2,2,"""Vanguard,2024-03-20,Two killed, many missing as herdsmen strike Benue again""","Two killed, many missing as herdsmen strike Benue again","Onipi community of Adoka in Otukpo Local Government Area, LGA, of Benue state"
518450,BEN-2024-2-5583-3.1,2024,Fulani - Tiv,Fulani - Tiv,Fulani,Tiv,Benue state,Logo lga,7.834198,9.305473,2024-03-20,2024-03-20,0,0,0,5,5,5,5,"""The Punch,2024-03-22,Again, bandits kill seven in Benue""","Again, bandits kill seven in Benue",Yongia Uambie Tiev in Ukembrergya/Tswarev ward in the Logo Local Government Area of Benue State
519087,BEN-2024-2-5583-0.2,2024,Fulani - Tiv,Fulani - Tiv,Fulani,Tiv,Nasarawa state,Keana lga,8.16746,8.76829,2024-03-22,2024-03-22,0,0,0,2,2,2,2,"""The Punch,2024-03-24,Suspected herdsmen kill six farmers in Nasarawa community"";""Vanguard,2024-03-24,Seven persons killed, scores injured over drinking water, lands seizure in Nasarawa""","Suspected herdsmen kill six farmers in Nasarawa community;Seven persons killed, scores injured over drinking water, lands seizure in Nasarawa","Tse-Abir Azer community, Keana Local Government Area of Nasarawa State"
518529,BEN-2024-2-5583-0.1,2024,Fulani - Tiv,Fulani - Tiv,Fulani,Tiv,Nasarawa state,Keana lga,8.23333,8.56667,2024-03-24,2024-03-24,1,3,0,0,4,4,4,"""The Punch,2024-03-24,Suspected herdsmen kill six farmers in Nasarawa community"";""Vanguard,2024-03-24,Seven persons killed, scores injured over drinking water, lands seizure in Nasarawa""","Suspected herdsmen kill six farmers in Nasarawa community;Seven persons killed, scores injured over drinking water, lands seizure in Nasarawa",Kadarko area
521555,BEN-2024-2-12342-3,2024,Fulani - Idoma,Fulani - Idoma,Fulani,Idoma,Benue state,Oturkpo lga,7.519966,7.977031,2024-04-09,2024-04-09,0,2,0,0,2,2,2,"""The Punch,2024-04-11,Bandits kill two farmers in Benue""",Bandits kill two farmers in Benue,Umogidi community in the Entekpa Council ward in Otukpo Local Government Area of Benue State
521613,BEN-2024-2-12342-4,2024,Fulani - Idoma,Fulani - Idoma,Fulani,Idoma,Benue state,Oturkpo lga,7.453699,7.978458,2024-04-20,2024-04-20,0,0,0,3,3,3,3,"""The Punch,2024-04-23,Three killed in Benue fresh attack""",Three killed in Benue fresh attack,"Entekpa and Udabi communities, Otukpo Local Government Area"
524898,NIG-2024-2-12341-1,2024,Agatu - Fulani,Agatu - Fulani,Agatu,Fulani,Benue state,Agatu lga,7.768717,7.950988,2024-05-03,2024-05-03,0,0,0,7,7,6,7,"""The Punch,2024-05-04,Bandits kill three farmers in Benue"";""Crisis Watch ,2024-06-03,Nigeria: May 2024 """,Bandits kill three farmers in Benue;Nigeria: May 2024,Ogbaulu village in Agatu area
526193,BEN-2024-2-5583-7,2024,Fulani - Tiv,Fulani - Tiv,Fulani,Tiv,Benue state,Gwer West lga,7.63211,8.21656,2024-05-10,2024-05-10,0,4,0,0,4,4,4,"""New Telegraph ,2024-05-13,Herdsmen Set Catholic Church Ablaze, Kill 4 Farmers In Benue"";""The Nation,2024-05-12,JUST IN: Four feared killed in Benue community""","Herdsmen Set Catholic Church Ablaze, Kill 4 Farmers In Benue;JUST IN: Four feared killed in Benue community","Mbachon and Mbagbe communities in Turan, Yaav Council Ward, Kwande lga"
524899,NIG-2024-2-12341-0,2024,Agatu - Fulani,Agatu - Fulani,Agatu,Fulani,Benue state,Agatu lga,7.768717,7.950988,2024-05-14,2024-05-14,0,0,0,6,6,7,6,"""Crisis Watch ,2024-06-03,Nigeria: May 2024 "";""The Punch,2024-05-15,Bandits kill four in Benue""",Nigeria: May 2024 ;Bandits kill four in Benue,Ogbaulu village in Agatu area
530479,BEN-2024-2-5583-2,2024,Fulani - Tiv,Fulani - Tiv,Fulani,Tiv,Taraba state,Bali lga,7.99864,10.9983,2024-06-16,2024-06-16,0,0,0,6,6,6,6,"""The Punch,2024-06-17,Suspected herdsmen kill six villagers in Taraba community"";""Vanguard,2024-06-17,Attack on farming community claims six lives in Taraba"";""The Punch,2024-06-18,Suspected herders kill six in Taraba farming community""",Suspected herdsmen kill six villagers in Taraba community;Attack on farming community claims six lives in Taraba;Suspected herders kill six in Taraba farming community,Mararaban Azagwa and Alele villages all of Maihula in the Bali Local Government Area
527859,BEN-2024-2-5583-5,2024,Fulani - Tiv,Fulani - Tiv,Fulani,Tiv,Taraba state,Wukari lga,8.033333,9.433333,2024-06-19,2024-06-19,0,1,0,1,2,2,2,"""Vanguard,2024-06-21,Anxiety as gunmen attack Taraba community, kill two"";""Zagazola,2024-06-19,Gunmen Assassinate 2 At Taraba Community""","Anxiety as gunmen attack Taraba community, kill two;Gunmen Assassinate 2 At Taraba Community",Chinkai in Wukari LGA
536012,NIG-2024-2-12341-2,2024,Agatu - Fulani,Agatu - Fulani,Agatu,Fulani,Benue state,Agatu lga,7.856119,7.942503,2024-07-14,2024-07-14,12,0,0,0,12,12,12,"""The Punch,2024-07-15,13 killed in Benue communities""",13 killed in Benue communities,Egwuma village
548061,NIG-2024-2-12341-8,2024,Agatu - Fulani,Agatu - Fulani,Agatu,Fulani,Benue state,Agatu lga,7.9061,7.85487,2024-08-23,2024-08-23,1,0,0,0,1,1,1,"""The Punch,2024-08-25,Gunmen kill six in two Benue communities""",Gunmen kill six in two Benue communities,"Iwari community and Olegagbane community, Agatu lga"
539946,NIG-2024-2-12341-7,2024,Agatu - Fulani,Agatu - Fulani,Agatu,Fulani,Benue state,Agatu lga,7.889144,7.715924,2024-08-23,2024-08-23,0,0,0,5,5,5,5,"""The Punch,2024-08-25,Gunmen kill six in two Benue communities""",Gunmen kill six in two Benue communities,"Iwari community and Olegagbane community, Agatu lga"
546879,BEN-2024-2-5583-9,2024,Fulani - Tiv,Fulani - Tiv,Fulani,Tiv,Benue state,Kwande lga,6.87456,9.60949,2024-09-10,2024-09-10,0,2,0,0,2,2,2,"""New Telegraph,2024-09-13,Herdsmen Kill 2 Benue Farmers, Injure Five""","Herdsmen Kill 2 Benue Farmers, Injure Five",along Waya-Kashimbila road in Baji village in the Kwande Local Government Area of Benue State
542937,BEN-2024-2-5583-8,2024,Fulani - Tiv,Fulani - Tiv,Fulani,Tiv,Benue state,Gwer West lga,7.5834,8.2055,2024-09-10,2024-09-10,0,0,7,0,7,7,7,"""Vanguard,2024-09-10,7 killed in fresh herdsmen attack in Benue community""",7 killed in fresh herdsmen attack in Benue community,Naka community of Gwer West Local Government Area of Benue State
545310,NIG-2024-2-12341-12,2024,Agatu - Fulani,Agatu - Fulani,Agatu,Fulani,Benue state,Agatu lga,7.856119,7.942503,2024-10-02,2024-10-02,4,0,0,0,4,4,4,"""The Punch,2024-10-02,Gunmen kill two soldiers, others in Benue community attack"";""The Punch,2024-10-03,Two soldiers, four others killed in Benue gunmen attack"";""The Punch,2024-10-05,Killings in Benue a war of attrition – Idoma group"";""Daily Trust,2024-10-02,2 soldiers, monarch, six others killed in Benue"";""Daily Independent,2024-10-02,Herdsmen Kill Two Soldiers, Seven Others, Cart Away Arms – Ebenyakwu

AU 	
Tor Vande-Acka""","Gunmen kill two soldiers, others in Benue community attack;Two soldiers, four others killed in Benue gunmen attack;Killings in Benue a war of attrition – Idoma group;2 soldiers, monarch, six others killed in Benue;Herdsmen Kill Two Soldiers, Seven Others, Cart Away Arms – Ebenyakwu

AU 	
Tor Vande-Acka",Egwuma community in Agatu Local Government Area of Benue State
552977,BEN-2024-2-5583-11,2024,Fulani - Tiv,Fulani - Tiv,Fulani,Tiv,Benue state,Logo lga,7.772936,9.130232,2024-10-09,2024-10-09,0,3,0,0,3,3,3,"""The Nation,2024-10-13,Again, suspected herdsmen kill four in Benue community"";""Independent Newspaper Nigeria,2024-11-01,23 Persons Feared Killed In Fresh Herdsmen Attacks On Benue Community""","Again, suspected herdsmen kill four in Benue community;23 Persons Feared Killed In Fresh Herdsmen Attacks On Benue Community","Ayilamo town, Tombo ward"
551083,BEN-2024-2-5583-10,2024,Fulani - Tiv,Fulani - Tiv,Fulani,Tiv,Benue state,Logo lga,7.76143,9.08752,2024-10-11,2024-10-11,0,4,0,0,4,4,4,"""The Nation,2024-10-13,Again, suspected herdsmen kill four in Benue community""","Again, suspected herdsmen kill four in Benue community","Uzer community, Tombo Ward, near Ayilamo, in Logo Local Government Area of  Benue State."
549530,BEN-2024-2-5583-16,2024,Fulani - Tiv,Fulani - Tiv,Fulani,Tiv,Benue state,Logo lga,7.81875,9.24534,2024-10-30,2024-10-30,0,16,0,0,16,16,16,"""Crisis Watch,2024-11-05,Nigeria October 2024"";""The Punch,2024-11-02,Ensure perpetrators of Benue killings are arrested, group urges Tinubu"";""The Punch,2024-11-01,15 killed in renewed Benue community attack"";""The Punch,2024-10-31,Many feared killed in new Benue community attack"";""The Punch,2024-11-02,Ensure perpetrators of Benue killings are arrested, group urges Tinubu""","Nigeria October 2024;Ensure perpetrators of Benue killings are arrested, group urges Tinubu;15 killed in renewed Benue community attack;Many feared killed in new Benue community attack;Ensure perpetrators of Benue killings are arrested, group urges Tinubu","Anyiin town, Logo area, Benue state"
550511,BEN-2024-2-5583-12,2024,Fulani - Tiv,Fulani - Tiv,Fulani,Tiv,Benue state,Logo lga,7.772936,9.130232,2024-11-01,2024-11-01,0,3,0,0,3,3,3,"""Vanguard,2024-11-03,Six killed in fresh herdsmen attack in Benue"";""Crisis Watch,2024-12-05,Nigeria November 2024""",Six killed in fresh herdsmen attack in Benue;Nigeria November 2024,"Ayilomo, a community in the Logo Local Government Area (LGA) of Benue State"
550513,BEN-2024-2-5583-13,2024,Fulani - Tiv,Fulani - Tiv,Fulani,Tiv,Benue state,Logo lga,7.772936,9.130232,2024-11-02,2024-11-02,0,3,0,0,3,3,3,"""Vanguard,2024-11-03,Six killed in fresh herdsmen attack in Benue"";""Crisis Watch,2024-12-05,Nigeria November 2024""",Six killed in fresh herdsmen attack in Benue;Nigeria November 2024,"Ayilomo, a community in the Logo Local Government Area (LGA) of Benue State."
555622,BEN-2024-2-5583-17,2024,Fulani - Tiv,Fulani - Tiv,Fulani,Tiv,Benue state,Logo lga,7.80004,9.02429,2024-11-24,2024-11-24,0,0,0,20,20,20,20,"""The Punch,2024-11-25,Many feared killed in attacks on Benue communities"";""AllAfrica,2024-11-26,Villagers Flee As Gunmen Kill Many in Benue"";""Crisis Watch,2024-12-05,Nigeria November 2024"";""Daily Independent,2024-12-01,Military Blamed For Poor Showing In Benue Bloodbath

AU 	
Tor Vande-Acka"";""The Punch,2025-01-08,Benue monarchs, leaders demand tougher action against killer herdsmen""","Many feared killed in attacks on Benue communities;Villagers Flee As Gunmen Kill Many in Benue;Nigeria November 2024;Military Blamed For Poor Showing In Benue Bloodbath

AU 	
Tor Vande-Acka;Benue monarchs, leaders demand tougher action against killer herdsmen","Azege village, Logo lga"
559099,BEN-2024-2-10104-1,2024,"Fulani, Jukun - Tiv","Fulani, Jukun - Tiv","Fulani, Jukun",Tiv,Benue state,Kwande lga,6.80099,9.47021,2024-12-25,2024-12-25,0,0,0,20,20,20,20,"""The Punch,2024-12-26,Suspected herdsmen kill 11 in Benue Christmas Day attack"";""The Punch,2024-12-27,Bandits kill 11 Benue villagers in Christmas Day attack"";""Vanguard,2024-12-26,Bloody christmas: Herdsmen kill 11 in Benue communities, many missing"";""Crisis Watch,2025-01-06,Nigeria December 2024"";""The Natoin,2024-12-29,Death toll from Benue Christmas Day attacks rises to 20"";""AllAfrica,2024-12-31,We Lost 75 Farmers in 8 Months - Benue Community

AU 	
Hembadoon Orsar""","Suspected herdsmen kill 11 in Benue Christmas Day attack;Bandits kill 11 Benue villagers in Christmas Day attack;Bloody christmas: Herdsmen kill 11 in Benue communities, many missing;Nigeria December 2024;Death toll from Benue Christmas Day attacks rises to 20;We Lost 75 Farmers in 8 Months - Benue Community

AU 	
Hembadoon Orsar","Ityuluv, Tse Azege and Innyiev ya communities in Mkomon district, the Kwande Local Government Area of Benue State"
